validation_id,model_id,runtime_secs,PinballLoss_mean,PinballLoss_std
p02,ARCH-p_15-q_12-o_12-lags_24-power_1-dist_normal-mean_AR-vol_GARCH,20.997158527374268,0.3121908821827173,0.134613600465463
p02,ARCH-p_15-q_12-o_12-lags_24-power_1-dist_normal-mean_HAR-vol_GARCH,19.9607150554657,0.3048684152227872,0.1188358819517573
p02,ARCH-p_15-q_12-o_12-lags_36-power_1-dist_normal-mean_AR-vol_GARCH,24.05293607711792,0.3162971221783627,0.1413155203493998
p02,ARCH-p_15-q_12-o_12-lags_36-power_1-dist_normal-mean_HAR-vol_GARCH,21.973737001419067,0.3179087005755091,0.132905309026523
p02,ARCH-p_15-q_12-o_12-lags_48-power_1-dist_normal-mean_AR-vol_GARCH,29.059178829193115,0.315236276776425,0.1250529731432388
p02,ARCH-p_15-q_12-o_12-lags_48-power_1-dist_normal-mean_HAR-vol_GARCH,30.39268469810486,0.3061402585178802,0.1020803260981537
p02,ARCH-p_15-q_12-o_24-lags_24-power_1-dist_normal-mean_AR-vol_GARCH,30.6852388381958,0.2939505176063782,0.1065902593170081
p02,ARCH-p_15-q_12-o_24-lags_24-power_1-dist_normal-mean_HAR-vol_GARCH,30.207887649536133,0.3164530572109512,0.163446341692371
p02,ARCH-p_15-q_12-o_24-lags_36-power_1-dist_normal-mean_AR-vol_GARCH,37.36205720901489,0.3077184947441385,0.133628120263313
p02,ARCH-p_15-q_12-o_24-lags_36-power_1-dist_normal-mean_HAR-vol_GARCH,34.543474435806274,0.3145555979789252,0.1383632834716605
p02,ARCH-p_15-q_12-o_24-lags_48-power_1-dist_normal-mean_AR-vol_GARCH,42.82343888282776,0.3052552174660791,0.1245460149053891
p02,ARCH-p_15-q_12-o_24-lags_48-power_1-dist_normal-mean_HAR-vol_GARCH,41.61872100830078,0.3063293857663393,0.126336576189611
p02,ARCH-p_15-q_24-o_12-lags_24-power_1-dist_normal-mean_AR-vol_GARCH,26.68392777442932,0.3032771523895223,0.1116599588075019
p02,ARCH-p_15-q_24-o_12-lags_24-power_1-dist_normal-mean_HAR-vol_GARCH,25.60819673538208,0.3099128747234449,0.1145641002336113
p02,ARCH-p_15-q_24-o_12-lags_36-power_1-dist_normal-mean_AR-vol_GARCH,31.92192888259888,0.3077446330020179,0.1387008122561077
p02,ARCH-p_15-q_24-o_12-lags_36-power_1-dist_normal-mean_HAR-vol_GARCH,30.87439274787903,0.3153247709230267,0.1320422536004859
p02,ARCH-p_15-q_24-o_12-lags_48-power_1-dist_normal-mean_AR-vol_GARCH,38.86808443069458,0.3113059094913691,0.1257685333478866
p02,ARCH-p_15-q_24-o_12-lags_48-power_1-dist_normal-mean_HAR-vol_GARCH,39.21716499328613,0.3149959416250881,0.1383197358645288
p02,ARCH-p_15-q_24-o_24-lags_24-power_1-dist_normal-mean_AR-vol_GARCH,38.82660365104675,0.3067689494055927,0.1244770133434489
p02,ARCH-p_15-q_24-o_24-lags_24-power_1-dist_normal-mean_HAR-vol_GARCH,38.62349510192871,0.3067977497583916,0.1418842960573295
p02,ARCH-p_15-q_24-o_24-lags_36-power_1-dist_normal-mean_AR-vol_GARCH,44.45039892196655,0.310833062409775,0.1508374057531951
p02,ARCH-p_15-q_24-o_24-lags_36-power_1-dist_normal-mean_HAR-vol_GARCH,43.62942314147949,0.3080686206517883,0.1418091513398777
p02,ARCH-p_15-q_24-o_24-lags_48-power_1-dist_normal-mean_AR-vol_GARCH,51.172486305236816,0.3025795341967125,0.1218818197952895
p02,ARCH-p_15-q_24-o_24-lags_48-power_1-dist_normal-mean_HAR-vol_GARCH,49.50210118293762,0.3112893024908711,0.1393813575152326
p02,ARCH-p_15-q_36-o_12-lags_24-power_1-dist_normal-mean_AR-vol_GARCH,35.841296672821045,0.308007047799643,0.1292895222386403
p02,ARCH-p_15-q_36-o_12-lags_24-power_1-dist_normal-mean_HAR-vol_GARCH,31.93596839904785,0.3167308538923115,0.1245465116993531
p02,ARCH-p_15-q_36-o_12-lags_36-power_1-dist_normal-mean_AR-vol_GARCH,41.02861022949219,0.3159529070096867,0.1235108336876845
p02,ARCH-p_15-q_36-o_12-lags_36-power_1-dist_normal-mean_HAR-vol_GARCH,41.07147860527039,0.3164764842696526,0.1428439536566714
p02,ARCH-p_15-q_36-o_12-lags_48-power_1-dist_normal-mean_AR-vol_GARCH,47.7586362361908,0.3229431457584732,0.1559398973782286
p02,ARCH-p_15-q_36-o_12-lags_48-power_1-dist_normal-mean_HAR-vol_GARCH,49.11069107055664,0.3058623766532043,0.1033943119235632
p02,ARCH-p_15-q_36-o_24-lags_24-power_1-dist_normal-mean_AR-vol_GARCH,50.460357427597046,0.3068082002923025,0.1360418529646595
p02,ARCH-p_15-q_36-o_24-lags_24-power_1-dist_normal-mean_HAR-vol_GARCH,53.52179169654846,0.308800812645079,0.1565613810194231
p02,ARCH-p_15-q_36-o_24-lags_36-power_1-dist_normal-mean_AR-vol_GARCH,63.727583169937134,0.3020787942078919,0.1347522839510197
p02,ARCH-p_15-q_36-o_24-lags_36-power_1-dist_normal-mean_HAR-vol_GARCH,61.38857650756836,0.3108188295617392,0.1502599408063264
p02,ARCH-p_15-q_36-o_24-lags_48-power_1-dist_normal-mean_AR-vol_GARCH,71.17825222015381,0.3090801666942347,0.1442009873846302
p02,ARCH-p_15-q_36-o_24-lags_48-power_1-dist_normal-mean_HAR-vol_GARCH,71.23722648620605,0.3008709989504948,0.1302232731961195
p02,ARCH-p_36-q_12-o_12-lags_24-power_1-dist_normal-mean_AR-vol_GARCH,38.3254771232605,0.3076729233659461,0.1176199641703076
p02,ARCH-p_36-q_12-o_12-lags_24-power_1-dist_normal-mean_HAR-vol_GARCH,37.27814102172852,0.3078277799613052,0.1418732302511554
p02,ARCH-p_36-q_12-o_12-lags_36-power_1-dist_normal-mean_AR-vol_GARCH,44.90580153465271,0.3189113842217252,0.1471652978554394
p02,ARCH-p_36-q_12-o_12-lags_36-power_1-dist_normal-mean_HAR-vol_GARCH,44.53694272041321,0.3083671188550708,0.1217831283775472
p02,ARCH-p_36-q_12-o_12-lags_48-power_1-dist_normal-mean_AR-vol_GARCH,51.0241687297821,0.297131101449715,0.102701500380543
p02,ARCH-p_36-q_12-o_12-lags_48-power_1-dist_normal-mean_HAR-vol_GARCH,51.78843450546265,0.304547626485231,0.1401817632481927
p02,ARCH-p_36-q_12-o_24-lags_24-power_1-dist_normal-mean_AR-vol_GARCH,53.081236124038696,0.3018145406712952,0.1292840635304546
p02,ARCH-p_36-q_12-o_24-lags_24-power_1-dist_normal-mean_HAR-vol_GARCH,52.23839998245239,0.3104596690935904,0.1567027989859327
p02,ARCH-p_36-q_12-o_24-lags_36-power_1-dist_normal-mean_AR-vol_GARCH,60.61194729804993,0.3053092906184875,0.1352979649788765
p02,ARCH-p_36-q_12-o_24-lags_36-power_1-dist_normal-mean_HAR-vol_GARCH,59.97982478141785,0.3112687289352371,0.13373758720812
p02,ARCH-p_36-q_12-o_24-lags_48-power_1-dist_normal-mean_AR-vol_GARCH,68.82949542999268,0.3052729326364723,0.1444909687168135
p02,ARCH-p_36-q_12-o_24-lags_48-power_1-dist_normal-mean_HAR-vol_GARCH,66.08103013038635,0.3177864044071191,0.1650053409702632
p02,ARCH-p_36-q_24-o_12-lags_24-power_1-dist_normal-mean_AR-vol_GARCH,49.25293707847595,0.3148878951054097,0.1282928994540448
p02,ARCH-p_36-q_24-o_12-lags_24-power_1-dist_normal-mean_HAR-vol_GARCH,47.66977882385254,0.3031930775987759,0.1248020581110012
p02,ARCH-p_36-q_24-o_12-lags_36-power_1-dist_normal-mean_AR-vol_GARCH,56.481358766555786,0.3017349610487966,0.1039477268444189
p02,ARCH-p_36-q_24-o_12-lags_36-power_1-dist_normal-mean_HAR-vol_GARCH,55.882442474365234,0.304997740671415,0.1025408363045398
p02,ARCH-p_36-q_24-o_12-lags_48-power_1-dist_normal-mean_AR-vol_GARCH,63.84398460388184,0.3169894481565947,0.1373750477035237
p02,ARCH-p_36-q_24-o_12-lags_48-power_1-dist_normal-mean_HAR-vol_GARCH,62.420660972595215,0.320823562126409,0.1538360616774054
p02,ARCH-p_36-q_24-o_24-lags_24-power_1-dist_normal-mean_AR-vol_GARCH,65.56521010398865,0.3028662112487679,0.1251967197910206
p02,ARCH-p_36-q_24-o_24-lags_24-power_1-dist_normal-mean_HAR-vol_GARCH,56.06298542022705,0.3166180215321766,0.1690092538682174
p02,ARCH-p_36-q_24-o_24-lags_36-power_1-dist_normal-mean_AR-vol_GARCH,61.31786274909973,0.3044691364786854,0.1334225681498764
p02,ARCH-p_36-q_24-o_24-lags_36-power_1-dist_normal-mean_HAR-vol_GARCH,64.14012908935547,0.3301394935471818,0.1685779921776613
p02,ARCH-p_36-q_24-o_24-lags_48-power_1-dist_normal-mean_AR-vol_GARCH,70.6691107749939,0.3085932283541224,0.1459008714138612
p02,ARCH-p_36-q_24-o_24-lags_48-power_1-dist_normal-mean_HAR-vol_GARCH,70.77165389060974,0.3073285233263612,0.1409197971405603
p02,ARCH-p_36-q_36-o_12-lags_24-power_1-dist_normal-mean_AR-vol_GARCH,52.249058961868286,0.3204437634977488,0.1569634764175918
p02,ARCH-p_36-q_36-o_12-lags_24-power_1-dist_normal-mean_HAR-vol_GARCH,49.03174424171448,0.2989223355452606,0.1100913922799347
p02,ARCH-p_36-q_36-o_12-lags_36-power_1-dist_normal-mean_AR-vol_GARCH,58.79711198806763,0.2994625983568923,0.1010445617384889
p02,ARCH-p_36-q_36-o_12-lags_36-power_1-dist_normal-mean_HAR-vol_GARCH,56.788250207901,0.3094027467054084,0.1105586638576455
p02,ARCH-p_36-q_36-o_12-lags_48-power_1-dist_normal-mean_AR-vol_GARCH,66.69659113883972,0.2970961695853646,0.1015649834726056
p02,ARCH-p_36-q_36-o_12-lags_48-power_1-dist_normal-mean_HAR-vol_GARCH,66.66262888908386,0.3135821472485043,0.144444981963591
p02,ARCH-p_36-q_36-o_24-lags_24-power_1-dist_normal-mean_AR-vol_GARCH,67.3508710861206,0.3002998635304081,0.1245046417765491
p02,ARCH-p_36-q_36-o_24-lags_24-power_1-dist_normal-mean_HAR-vol_GARCH,69.94034171104431,0.2989986727108755,0.1316084152587943
p02,ARCH-p_36-q_36-o_24-lags_36-power_1-dist_normal-mean_AR-vol_GARCH,74.84904408454895,0.3038997386458905,0.1645891119856074
p02,ARCH-p_36-q_36-o_24-lags_36-power_1-dist_normal-mean_HAR-vol_GARCH,74.95588898658752,0.3055864763909279,0.1402996542080798
p02,ARCH-p_36-q_36-o_24-lags_48-power_1-dist_normal-mean_AR-vol_GARCH,87.54190564155579,0.3198461555864035,0.1798658788310412
p02,ARCH-p_36-q_36-o_24-lags_48-power_1-dist_normal-mean_HAR-vol_GARCH,96.28431868553162,0.2988530432648053,0.1156924587570078
p03,ARCH-p_15-q_12-o_12-lags_24-power_1-dist_normal-mean_AR-vol_GARCH,22.69815468788147,0.3736812380865268,0.2283717753423988
p03,ARCH-p_15-q_12-o_12-lags_24-power_1-dist_normal-mean_HAR-vol_GARCH,20.3802707195282,0.3689312914520079,0.2525747098401839
p03,ARCH-p_15-q_12-o_12-lags_36-power_1-dist_normal-mean_AR-vol_GARCH,28.48810625076294,0.3623792726889827,0.2192014769038577
p03,ARCH-p_15-q_12-o_12-lags_36-power_1-dist_normal-mean_HAR-vol_GARCH,26.991862297058105,0.3663028255814173,0.2205959259348122
p03,ARCH-p_15-q_12-o_12-lags_48-power_1-dist_normal-mean_AR-vol_GARCH,30.206982135772705,0.3978625356753177,0.2763503001075095
p03,ARCH-p_15-q_12-o_12-lags_48-power_1-dist_normal-mean_HAR-vol_GARCH,32.55459785461426,0.3741093154567059,0.2711218204145958
p03,ARCH-p_15-q_12-o_24-lags_24-power_1-dist_normal-mean_AR-vol_GARCH,34.02608132362366,0.3726016355505419,0.2388929992874868
p03,ARCH-p_15-q_12-o_24-lags_24-power_1-dist_normal-mean_HAR-vol_GARCH,33.172269344329834,0.3869837434903404,0.261588975549664
p03,ARCH-p_15-q_12-o_24-lags_36-power_1-dist_normal-mean_AR-vol_GARCH,40.14378380775452,0.3794004503685276,0.2471966775666285
p03,ARCH-p_15-q_12-o_24-lags_36-power_1-dist_normal-mean_HAR-vol_GARCH,40.57662582397461,0.3873267244761289,0.2711653544069094
p03,ARCH-p_15-q_12-o_24-lags_48-power_1-dist_normal-mean_AR-vol_GARCH,46.941166639328,0.3702893556408889,0.2243543713874984
p03,ARCH-p_15-q_12-o_24-lags_48-power_1-dist_normal-mean_HAR-vol_GARCH,45.9892361164093,0.366942063924297,0.2164952241158374
p03,ARCH-p_15-q_24-o_12-lags_24-power_1-dist_normal-mean_AR-vol_GARCH,31.29823398590088,0.378098170730309,0.2757793313374805
p03,ARCH-p_15-q_24-o_12-lags_24-power_1-dist_normal-mean_HAR-vol_GARCH,30.427270889282227,0.3822542725527236,0.2732958325008465
p03,ARCH-p_15-q_24-o_12-lags_36-power_1-dist_normal-mean_AR-vol_GARCH,37.23941397666931,0.3951916925147863,0.290333671921692
p03,ARCH-p_15-q_24-o_12-lags_36-power_1-dist_normal-mean_HAR-vol_GARCH,35.85173559188843,0.3860026105856907,0.2763898020319569
p03,ARCH-p_15-q_24-o_12-lags_48-power_1-dist_normal-mean_AR-vol_GARCH,37.04821348190308,0.3632258310628379,0.2196002230010975
p03,ARCH-p_15-q_24-o_12-lags_48-power_1-dist_normal-mean_HAR-vol_GARCH,46.385807514190674,0.3689509038017804,0.2501959783299627
p03,ARCH-p_15-q_24-o_24-lags_24-power_1-dist_normal-mean_AR-vol_GARCH,37.77353978157044,0.337254061650912,0.1610674354077554
p03,ARCH-p_15-q_24-o_24-lags_24-power_1-dist_normal-mean_HAR-vol_GARCH,37.07692956924439,0.3800623411419958,0.2746363492635049
p03,ARCH-p_15-q_24-o_24-lags_36-power_1-dist_normal-mean_AR-vol_GARCH,47.76451230049133,0.3915590559755106,0.2933326228441783
p03,ARCH-p_15-q_24-o_24-lags_36-power_1-dist_normal-mean_HAR-vol_GARCH,44.68525743484497,0.3751027854287483,0.2615726213637137
p03,ARCH-p_15-q_24-o_24-lags_48-power_1-dist_normal-mean_AR-vol_GARCH,53.941707611083984,0.3842978093095337,0.2844763667864581
p03,ARCH-p_15-q_24-o_24-lags_48-power_1-dist_normal-mean_HAR-vol_GARCH,51.10382843017578,0.363093177730726,0.2327560666193128
p03,ARCH-p_15-q_36-o_12-lags_24-power_1-dist_normal-mean_AR-vol_GARCH,34.93073129653931,0.3719753721412952,0.2412659668662261
p03,ARCH-p_15-q_36-o_12-lags_24-power_1-dist_normal-mean_HAR-vol_GARCH,35.00497484207153,0.3695988496548679,0.2478303137669557
p03,ARCH-p_15-q_36-o_12-lags_36-power_1-dist_normal-mean_AR-vol_GARCH,40.059597969055176,0.3883143269476496,0.2898354560584476
p03,ARCH-p_15-q_36-o_12-lags_36-power_1-dist_normal-mean_HAR-vol_GARCH,39.946553230285645,0.3903226036454094,0.2770190365158637
p03,ARCH-p_15-q_36-o_12-lags_48-power_1-dist_normal-mean_AR-vol_GARCH,48.22414898872376,0.3869741215326406,0.3087156948262443
p03,ARCH-p_15-q_36-o_12-lags_48-power_1-dist_normal-mean_HAR-vol_GARCH,47.61726665496826,0.3739006050489439,0.2477482697430168
p03,ARCH-p_15-q_36-o_24-lags_24-power_1-dist_normal-mean_AR-vol_GARCH,46.99420189857483,0.3724010041157332,0.2507795011936656
p03,ARCH-p_15-q_36-o_24-lags_24-power_1-dist_normal-mean_HAR-vol_GARCH,45.667256593704224,0.3768007338891213,0.2517021324775026
p03,ARCH-p_15-q_36-o_24-lags_36-power_1-dist_normal-mean_AR-vol_GARCH,53.97084593772888,0.4035274400671725,0.3247411921851742
p03,ARCH-p_15-q_36-o_24-lags_36-power_1-dist_normal-mean_HAR-vol_GARCH,63.45751595497131,0.377357922527475,0.249847718033497
p03,ARCH-p_15-q_36-o_24-lags_48-power_1-dist_normal-mean_AR-vol_GARCH,71.64050126075745,0.3479487434978791,0.20748463659715
p03,ARCH-p_15-q_36-o_24-lags_48-power_1-dist_normal-mean_HAR-vol_GARCH,72.97539710998535,0.3815864254191454,0.2668020954088763
p03,ARCH-p_36-q_12-o_12-lags_24-power_1-dist_normal-mean_AR-vol_GARCH,38.75316739082336,0.3686565046355563,0.25669729169908
p03,ARCH-p_36-q_12-o_12-lags_24-power_1-dist_normal-mean_HAR-vol_GARCH,37.55122447013855,0.3661331910562177,0.24914150100387
p03,ARCH-p_36-q_12-o_12-lags_36-power_1-dist_normal-mean_AR-vol_GARCH,45.091694593429565,0.3893630895803928,0.2951105696120595
p03,ARCH-p_36-q_12-o_12-lags_36-power_1-dist_normal-mean_HAR-vol_GARCH,44.941298484802246,0.3566081430968366,0.2121883222739092
p03,ARCH-p_36-q_12-o_12-lags_48-power_1-dist_normal-mean_AR-vol_GARCH,52.5286226272583,0.3710497123247951,0.2662435511972327
p03,ARCH-p_36-q_12-o_12-lags_48-power_1-dist_normal-mean_HAR-vol_GARCH,54.92296290397644,0.36534233057617,0.2389012873683385
p03,ARCH-p_36-q_12-o_24-lags_24-power_1-dist_normal-mean_AR-vol_GARCH,54.56315803527832,0.3333309085195312,0.1708377263356474
p03,ARCH-p_36-q_12-o_24-lags_24-power_1-dist_normal-mean_HAR-vol_GARCH,54.04608869552612,0.3843375043407397,0.2712005225590984
p03,ARCH-p_36-q_12-o_24-lags_36-power_1-dist_normal-mean_AR-vol_GARCH,63.12781524658203,0.3927512748870462,0.2911511714352592
p03,ARCH-p_36-q_12-o_24-lags_36-power_1-dist_normal-mean_HAR-vol_GARCH,62.49200797080994,0.3681145797495131,0.2424781463783031
p03,ARCH-p_36-q_12-o_24-lags_48-power_1-dist_normal-mean_AR-vol_GARCH,71.60626578330994,0.3686018734408959,0.2509561482460654
p03,ARCH-p_36-q_12-o_24-lags_48-power_1-dist_normal-mean_HAR-vol_GARCH,70.83808302879333,0.353273030573871,0.2220413130530765
p03,ARCH-p_36-q_24-o_12-lags_24-power_1-dist_normal-mean_AR-vol_GARCH,50.762722969055176,0.3911565312331466,0.3082302619943262
p03,ARCH-p_36-q_24-o_12-lags_24-power_1-dist_normal-mean_HAR-vol_GARCH,49.046218156814575,0.3524873426545793,0.2022852225166941
p03,ARCH-p_36-q_24-o_12-lags_36-power_1-dist_normal-mean_AR-vol_GARCH,59.521493673324585,0.3729242370978458,0.2587335185771901
p03,ARCH-p_36-q_24-o_12-lags_36-power_1-dist_normal-mean_HAR-vol_GARCH,57.506006956100464,0.3827106891258128,0.2694065904445964
p03,ARCH-p_36-q_24-o_12-lags_48-power_1-dist_normal-mean_AR-vol_GARCH,67.85894298553467,0.3552667966745714,0.235903330787487
p03,ARCH-p_36-q_24-o_12-lags_48-power_1-dist_normal-mean_HAR-vol_GARCH,65.04416084289551,0.3901933680075999,0.3094837823478199
p03,ARCH-p_36-q_24-o_24-lags_24-power_1-dist_normal-mean_AR-vol_GARCH,66.138498544693,0.3762724569191891,0.2729945288737871
p03,ARCH-p_36-q_24-o_24-lags_24-power_1-dist_normal-mean_HAR-vol_GARCH,65.24776911735535,0.3879060625284261,0.3086242240536976
p03,ARCH-p_36-q_24-o_24-lags_36-power_1-dist_normal-mean_AR-vol_GARCH,73.84014177322388,0.4003275195833083,0.3106631121728548
p03,ARCH-p_36-q_24-o_24-lags_36-power_1-dist_normal-mean_HAR-vol_GARCH,74.23246097564697,0.3716039377523346,0.2495104631414925
p03,ARCH-p_36-q_24-o_24-lags_48-power_1-dist_normal-mean_AR-vol_GARCH,83.35179257392883,0.3634982189035637,0.2584172850374743
p03,ARCH-p_36-q_24-o_24-lags_48-power_1-dist_normal-mean_HAR-vol_GARCH,72.56970024108887,0.3601896129089181,0.2276525667024373
p03,ARCH-p_36-q_36-o_12-lags_24-power_1-dist_normal-mean_AR-vol_GARCH,50.13991141319275,0.3786786944249822,0.2788786675275386
p03,ARCH-p_36-q_36-o_12-lags_24-power_1-dist_normal-mean_HAR-vol_GARCH,50.80870151519776,0.374820930348102,0.256907915276887
p03,ARCH-p_36-q_36-o_12-lags_36-power_1-dist_normal-mean_AR-vol_GARCH,58.7283935546875,0.3805612662441546,0.2875272197251979
p03,ARCH-p_36-q_36-o_12-lags_36-power_1-dist_normal-mean_HAR-vol_GARCH,57.96910381317139,0.3908045221598317,0.3003306070070898
p03,ARCH-p_36-q_36-o_12-lags_48-power_1-dist_normal-mean_AR-vol_GARCH,66.62856698036194,0.367752725952494,0.2625216741888293
p03,ARCH-p_36-q_36-o_12-lags_48-power_1-dist_normal-mean_HAR-vol_GARCH,77.99604487419128,0.3471780038637607,0.2042621474049614
p03,ARCH-p_36-q_36-o_24-lags_24-power_1-dist_normal-mean_AR-vol_GARCH,79.12899470329285,0.393339246650858,0.3107063530918705
p03,ARCH-p_36-q_36-o_24-lags_24-power_1-dist_normal-mean_HAR-vol_GARCH,78.64334559440613,0.3786067087347135,0.2736519885519752
p03,ARCH-p_36-q_36-o_24-lags_36-power_1-dist_normal-mean_AR-vol_GARCH,89.05884718894958,0.3600377323544447,0.2400935429552722
p03,ARCH-p_36-q_36-o_24-lags_36-power_1-dist_normal-mean_HAR-vol_GARCH,89.17896747589111,0.38957529687787,0.2763505605290846
p03,ARCH-p_36-q_36-o_24-lags_48-power_1-dist_normal-mean_AR-vol_GARCH,83.33893299102783,0.3748118166419085,0.2901173794664292
p03,ARCH-p_36-q_36-o_24-lags_48-power_1-dist_normal-mean_HAR-vol_GARCH,82.1641526222229,0.3734850735184745,0.2587419202417165
p04,ARCH-p_15-q_12-o_12-lags_24-power_1-dist_normal-mean_AR-vol_GARCH,17.610811471939087,0.2327766338014957,0.028074270727406
p04,ARCH-p_15-q_12-o_12-lags_24-power_1-dist_normal-mean_HAR-vol_GARCH,18.15619993209839,0.2289884332817575,0.0222267353555668
p04,ARCH-p_15-q_12-o_12-lags_36-power_1-dist_normal-mean_AR-vol_GARCH,22.24148440361023,0.2312674669199865,0.0389995877020235
p04,ARCH-p_15-q_12-o_12-lags_36-power_1-dist_normal-mean_HAR-vol_GARCH,20.571776390075684,0.2352275442988012,0.0375146576278355
p04,ARCH-p_15-q_12-o_12-lags_48-power_1-dist_normal-mean_AR-vol_GARCH,26.77871823310852,0.2291056184358845,0.0284161474323442
p04,ARCH-p_15-q_12-o_12-lags_48-power_1-dist_normal-mean_HAR-vol_GARCH,24.8043749332428,0.230791293153049,0.0358844904787602
p04,ARCH-p_15-q_12-o_24-lags_24-power_1-dist_normal-mean_AR-vol_GARCH,26.172669410705566,0.2205452460511205,0.0290887541473808
p04,ARCH-p_15-q_12-o_24-lags_24-power_1-dist_normal-mean_HAR-vol_GARCH,25.75970149040222,0.2389351163687685,0.0400472998831506
p04,ARCH-p_15-q_12-o_24-lags_36-power_1-dist_normal-mean_AR-vol_GARCH,31.390209913253784,0.2283781439474033,0.0266271869356439
p04,ARCH-p_15-q_12-o_24-lags_36-power_1-dist_normal-mean_HAR-vol_GARCH,28.9986584186554,0.2293087890883407,0.0277753336467421
p04,ARCH-p_15-q_12-o_24-lags_48-power_1-dist_normal-mean_AR-vol_GARCH,33.87733578681946,0.2232936826700889,0.0332162088485986
p04,ARCH-p_15-q_12-o_24-lags_48-power_1-dist_normal-mean_HAR-vol_GARCH,34.198710441589355,0.229503793255301,0.0456306180393806
p04,ARCH-p_15-q_24-o_12-lags_24-power_1-dist_normal-mean_AR-vol_GARCH,21.577660083770752,0.232786193070579,0.0424359577923257
p04,ARCH-p_15-q_24-o_12-lags_24-power_1-dist_normal-mean_HAR-vol_GARCH,20.508604049682617,0.2318292054827414,0.0314546427838081
p04,ARCH-p_15-q_24-o_12-lags_36-power_1-dist_normal-mean_AR-vol_GARCH,26.829190492630005,0.2341457035886727,0.0273705814074065
p04,ARCH-p_15-q_24-o_12-lags_36-power_1-dist_normal-mean_HAR-vol_GARCH,26.19380211830139,0.2311576656870244,0.0174539875170502
p04,ARCH-p_15-q_24-o_12-lags_48-power_1-dist_normal-mean_AR-vol_GARCH,31.2691752910614,0.2335350559105162,0.0389286010094202
p04,ARCH-p_15-q_24-o_12-lags_48-power_1-dist_normal-mean_HAR-vol_GARCH,31.42213225364685,0.2295243831996862,0.031072150307584
p04,ARCH-p_15-q_24-o_24-lags_24-power_1-dist_normal-mean_AR-vol_GARCH,33.318769693374634,0.2330444236396036,0.0300219043343333
p04,ARCH-p_15-q_24-o_24-lags_24-power_1-dist_normal-mean_HAR-vol_GARCH,32.27572989463806,0.2256374642356211,0.0376697853508905
p04,ARCH-p_15-q_24-o_24-lags_36-power_1-dist_normal-mean_AR-vol_GARCH,38.26776385307312,0.226918763046385,0.0382778699770178
p04,ARCH-p_15-q_24-o_24-lags_36-power_1-dist_normal-mean_HAR-vol_GARCH,37.74838042259216,0.229240244530781,0.0416150004434426
p04,ARCH-p_15-q_24-o_24-lags_48-power_1-dist_normal-mean_AR-vol_GARCH,43.6866614818573,0.2260019350365293,0.0424942512138394
p04,ARCH-p_15-q_24-o_24-lags_48-power_1-dist_normal-mean_HAR-vol_GARCH,43.00744962692261,0.2333369265210583,0.0511414912466877
p04,ARCH-p_15-q_36-o_12-lags_24-power_1-dist_normal-mean_AR-vol_GARCH,28.25353527069092,0.226368521416727,0.0281046158541523
p04,ARCH-p_15-q_36-o_12-lags_24-power_1-dist_normal-mean_HAR-vol_GARCH,26.99210548400879,0.2248938103244856,0.0268647354193211
p04,ARCH-p_15-q_36-o_12-lags_36-power_1-dist_normal-mean_AR-vol_GARCH,34.33866763114929,0.2284014132680602,0.0290794769338847
p04,ARCH-p_15-q_36-o_12-lags_36-power_1-dist_normal-mean_HAR-vol_GARCH,33.471452951431274,0.2261749913948179,0.0246907456927307
p04,ARCH-p_15-q_36-o_12-lags_48-power_1-dist_normal-mean_AR-vol_GARCH,39.00188064575195,0.2278601182466116,0.0408734443482371
p04,ARCH-p_15-q_36-o_12-lags_48-power_1-dist_normal-mean_HAR-vol_GARCH,38.18892335891724,0.229295985974144,0.0301864418220404
p04,ARCH-p_15-q_36-o_24-lags_24-power_1-dist_normal-mean_AR-vol_GARCH,42.5824773311615,0.2265438214134126,0.0358570188540778
p04,ARCH-p_15-q_36-o_24-lags_24-power_1-dist_normal-mean_HAR-vol_GARCH,40.17885565757752,0.229233785621999,0.0349443241878731
p04,ARCH-p_15-q_36-o_24-lags_36-power_1-dist_normal-mean_AR-vol_GARCH,46.069406032562256,0.2292315438569201,0.0429918531772921
p04,ARCH-p_15-q_36-o_24-lags_36-power_1-dist_normal-mean_HAR-vol_GARCH,47.41602373123169,0.2276876254477804,0.0415026581469894
p04,ARCH-p_15-q_36-o_24-lags_48-power_1-dist_normal-mean_AR-vol_GARCH,56.9614851474762,0.2200037989464577,0.0463639605098498
p04,ARCH-p_15-q_36-o_24-lags_48-power_1-dist_normal-mean_HAR-vol_GARCH,54.9759259223938,0.2231210565418878,0.033566700889371
p04,ARCH-p_36-q_12-o_12-lags_24-power_1-dist_normal-mean_AR-vol_GARCH,28.22523593902588,0.2297691132577313,0.0317038230941487
p04,ARCH-p_36-q_12-o_12-lags_24-power_1-dist_normal-mean_HAR-vol_GARCH,26.901394367218018,0.2235304238084068,0.0211052726509124
p04,ARCH-p_36-q_12-o_12-lags_36-power_1-dist_normal-mean_AR-vol_GARCH,33.27871489524841,0.2260679094033767,0.0308458140592524
p04,ARCH-p_36-q_12-o_12-lags_36-power_1-dist_normal-mean_HAR-vol_GARCH,32.905292987823486,0.2287644049818089,0.0363447573365563
p04,ARCH-p_36-q_12-o_12-lags_48-power_1-dist_normal-mean_AR-vol_GARCH,38.6660053730011,0.2284580627082388,0.0332670610199836
p04,ARCH-p_36-q_12-o_12-lags_48-power_1-dist_normal-mean_HAR-vol_GARCH,38.878414154052734,0.2257758858768054,0.025562372882833
p04,ARCH-p_36-q_12-o_24-lags_24-power_1-dist_normal-mean_AR-vol_GARCH,39.53289008140564,0.2242021852795829,0.034215292917618
p04,ARCH-p_36-q_12-o_24-lags_24-power_1-dist_normal-mean_HAR-vol_GARCH,40.23925065994263,0.2293020288606283,0.0392780751615111
p04,ARCH-p_36-q_12-o_24-lags_36-power_1-dist_normal-mean_AR-vol_GARCH,45.45185422897339,0.2227081932218084,0.0390374411487327
p04,ARCH-p_36-q_12-o_24-lags_36-power_1-dist_normal-mean_HAR-vol_GARCH,46.32693600654602,0.2324666010406628,0.0481241098733276
p04,ARCH-p_36-q_12-o_24-lags_48-power_1-dist_normal-mean_AR-vol_GARCH,51.13053822517395,0.2203237815796364,0.0501493909203059
p04,ARCH-p_36-q_12-o_24-lags_48-power_1-dist_normal-mean_HAR-vol_GARCH,52.25738286972046,0.2284538698390077,0.039414843947166
p04,ARCH-p_36-q_24-o_12-lags_24-power_1-dist_normal-mean_AR-vol_GARCH,36.25957989692688,0.231770531018962,0.031670701417922
p04,ARCH-p_36-q_24-o_12-lags_24-power_1-dist_normal-mean_HAR-vol_GARCH,36.70215654373169,0.2298936654194652,0.0302945555689292
p04,ARCH-p_36-q_24-o_12-lags_36-power_1-dist_normal-mean_AR-vol_GARCH,40.83758282661438,0.2253409922129583,0.0250159719538724
p04,ARCH-p_36-q_24-o_12-lags_36-power_1-dist_normal-mean_HAR-vol_GARCH,43.30424523353577,0.2309620448225023,0.0331491316554094
p04,ARCH-p_36-q_24-o_12-lags_48-power_1-dist_normal-mean_AR-vol_GARCH,48.801562786102295,0.2283630652551332,0.0299557789439141
p04,ARCH-p_36-q_24-o_12-lags_48-power_1-dist_normal-mean_HAR-vol_GARCH,46.17841958999634,0.227927820920664,0.0261603535679929
p04,ARCH-p_36-q_24-o_24-lags_24-power_1-dist_normal-mean_AR-vol_GARCH,50.01736235618591,0.2231322500755506,0.0416090506561537
p04,ARCH-p_36-q_24-o_24-lags_24-power_1-dist_normal-mean_HAR-vol_GARCH,48.76038765907288,0.22694606405538,0.0394694480101787
p04,ARCH-p_36-q_24-o_24-lags_36-power_1-dist_normal-mean_AR-vol_GARCH,55.424532651901245,0.2246225904277532,0.0326337105637051
p04,ARCH-p_36-q_24-o_24-lags_36-power_1-dist_normal-mean_HAR-vol_GARCH,54.44600868225098,0.2262219957286854,0.0400300129143686
p04,ARCH-p_36-q_24-o_24-lags_48-power_1-dist_normal-mean_AR-vol_GARCH,60.338255882263184,0.2199507855854975,0.0294185680970622
p04,ARCH-p_36-q_24-o_24-lags_48-power_1-dist_normal-mean_HAR-vol_GARCH,61.52598595619202,0.2212743269663218,0.0383256371399464
p04,ARCH-p_36-q_36-o_12-lags_24-power_1-dist_normal-mean_AR-vol_GARCH,45.939870834350586,0.2271549680926221,0.027689075524826
p04,ARCH-p_36-q_36-o_12-lags_24-power_1-dist_normal-mean_HAR-vol_GARCH,44.61186838150024,0.2209517380728683,0.0311182763028024
p04,ARCH-p_36-q_36-o_12-lags_36-power_1-dist_normal-mean_AR-vol_GARCH,50.17963194847107,0.2268276634146912,0.0338776787898023
p04,ARCH-p_36-q_36-o_12-lags_36-power_1-dist_normal-mean_HAR-vol_GARCH,51.334964990615845,0.2256979172024509,0.0202660621937516
p04,ARCH-p_36-q_36-o_12-lags_48-power_1-dist_normal-mean_AR-vol_GARCH,58.98106670379639,0.2273873700640218,0.0228864925383155
p04,ARCH-p_36-q_36-o_12-lags_48-power_1-dist_normal-mean_HAR-vol_GARCH,57.9930465221405,0.2207900887705055,0.0257939086816577
p04,ARCH-p_36-q_36-o_24-lags_24-power_1-dist_normal-mean_AR-vol_GARCH,58.50769233703613,0.2303406753903709,0.0331503474520566
p04,ARCH-p_36-q_36-o_24-lags_24-power_1-dist_normal-mean_HAR-vol_GARCH,57.082186222076416,0.2275042960626594,0.0390423375077854
p04,ARCH-p_36-q_36-o_24-lags_36-power_1-dist_normal-mean_AR-vol_GARCH,64.89382529258728,0.224137586562541,0.0413778944075753
p04,ARCH-p_36-q_36-o_24-lags_36-power_1-dist_normal-mean_HAR-vol_GARCH,65.45465087890625,0.2250397389428594,0.026329038417142
p04,ARCH-p_36-q_36-o_24-lags_48-power_1-dist_normal-mean_AR-vol_GARCH,74.19635319709778,0.2201661993049537,0.0389341086135572
p04,ARCH-p_36-q_36-o_24-lags_48-power_1-dist_normal-mean_HAR-vol_GARCH,74.98572325706482,0.2242728818367451,0.0350423367965873
p10,ARCH-p_15-q_12-o_12-lags_24-power_1-dist_normal-mean_AR-vol_GARCH,16.86172914505005,0.1735360688267474,0.0558589417972621
p10,ARCH-p_15-q_12-o_12-lags_24-power_1-dist_normal-mean_HAR-vol_GARCH,14.335857152938845,0.1763635974345652,0.0524255307818699
p10,ARCH-p_15-q_12-o_12-lags_36-power_1-dist_normal-mean_AR-vol_GARCH,21.546199321746823,0.16642486854993,0.0420905997193248
p10,ARCH-p_15-q_12-o_12-lags_36-power_1-dist_normal-mean_HAR-vol_GARCH,19.73284411430359,0.1828978052364595,0.0601372320933438
p10,ARCH-p_15-q_12-o_12-lags_48-power_1-dist_normal-mean_AR-vol_GARCH,25.61520099639893,0.1710785381121672,0.0495176349058186
p10,ARCH-p_15-q_12-o_12-lags_48-power_1-dist_normal-mean_HAR-vol_GARCH,24.55992531776428,0.1711545020143778,0.054096412816276
p10,ARCH-p_15-q_12-o_24-lags_24-power_1-dist_normal-mean_AR-vol_GARCH,25.808233976364136,0.1688883510263718,0.0395041291160228
p10,ARCH-p_15-q_12-o_24-lags_24-power_1-dist_normal-mean_HAR-vol_GARCH,24.563299655914307,0.1675580095312354,0.0498917713943461
p10,ARCH-p_15-q_12-o_24-lags_36-power_1-dist_normal-mean_AR-vol_GARCH,30.92561411857605,0.1742069819270038,0.0442299086543549
p10,ARCH-p_15-q_12-o_24-lags_36-power_1-dist_normal-mean_HAR-vol_GARCH,29.75813698768616,0.168277944129007,0.0438866491115703
p10,ARCH-p_15-q_12-o_24-lags_48-power_1-dist_normal-mean_AR-vol_GARCH,36.3271062374115,0.1672409253563581,0.0467724551451671
p10,ARCH-p_15-q_12-o_24-lags_48-power_1-dist_normal-mean_HAR-vol_GARCH,34.72876214981079,0.1723251276235602,0.053748336585802
p10,ARCH-p_15-q_24-o_12-lags_24-power_1-dist_normal-mean_AR-vol_GARCH,23.5533607006073,0.1714527345872506,0.0420759509211266
p10,ARCH-p_15-q_24-o_12-lags_24-power_1-dist_normal-mean_HAR-vol_GARCH,20.108217239379883,0.1808058270245943,0.0621766101966761
p10,ARCH-p_15-q_24-o_12-lags_36-power_1-dist_normal-mean_AR-vol_GARCH,28.52952218055725,0.1732572150829036,0.0462442575290111
p10,ARCH-p_15-q_24-o_12-lags_36-power_1-dist_normal-mean_HAR-vol_GARCH,26.295094966888428,0.1697218467966644,0.044783521034077
p10,ARCH-p_15-q_24-o_12-lags_48-power_1-dist_normal-mean_AR-vol_GARCH,31.408382415771484,0.170538600540485,0.0506044102617051
p10,ARCH-p_15-q_24-o_12-lags_48-power_1-dist_normal-mean_HAR-vol_GARCH,31.57524681091309,0.1663872721659809,0.0471152048670362
p10,ARCH-p_15-q_24-o_24-lags_24-power_1-dist_normal-mean_AR-vol_GARCH,33.70658802986145,0.1647023027821021,0.0352918877225906
p10,ARCH-p_15-q_24-o_24-lags_24-power_1-dist_normal-mean_HAR-vol_GARCH,33.15915322303772,0.1685234373986685,0.0420839655518166
p10,ARCH-p_15-q_24-o_24-lags_36-power_1-dist_normal-mean_AR-vol_GARCH,39.35910153388977,0.1774514146610707,0.0503181637201934
p10,ARCH-p_15-q_24-o_24-lags_36-power_1-dist_normal-mean_HAR-vol_GARCH,36.70535898208618,0.1885471323402407,0.0677487399317717
p10,ARCH-p_15-q_24-o_24-lags_48-power_1-dist_normal-mean_AR-vol_GARCH,45.24889707565308,0.1638443936534926,0.0402058947411889
p10,ARCH-p_15-q_24-o_24-lags_48-power_1-dist_normal-mean_HAR-vol_GARCH,44.11948037147522,0.1697258405142782,0.0535666250367455
p10,ARCH-p_15-q_36-o_12-lags_24-power_1-dist_normal-mean_AR-vol_GARCH,29.112863063812256,0.1748782621152193,0.0538741264265844
p10,ARCH-p_15-q_36-o_12-lags_24-power_1-dist_normal-mean_HAR-vol_GARCH,27.94481110572815,0.164839470577601,0.0387621049998781
p10,ARCH-p_15-q_36-o_12-lags_36-power_1-dist_normal-mean_AR-vol_GARCH,35.75552845001221,0.1686372982999132,0.0377304319775555
p10,ARCH-p_15-q_36-o_12-lags_36-power_1-dist_normal-mean_HAR-vol_GARCH,41.36133313179016,0.1690936677588798,0.0471913983625779
p10,ARCH-p_15-q_36-o_12-lags_48-power_1-dist_normal-mean_AR-vol_GARCH,48.491862535476685,0.1733266174788681,0.062252994066873
p10,ARCH-p_15-q_36-o_12-lags_48-power_1-dist_normal-mean_HAR-vol_GARCH,39.56387710571289,0.1717832962429847,0.0620293999794613
p10,ARCH-p_15-q_36-o_24-lags_24-power_1-dist_normal-mean_AR-vol_GARCH,39.92996835708618,0.1698144068539267,0.0432500244615263
p10,ARCH-p_15-q_36-o_24-lags_24-power_1-dist_normal-mean_HAR-vol_GARCH,38.76872897148132,0.1683556436058151,0.0400144479459901
p10,ARCH-p_15-q_36-o_24-lags_36-power_1-dist_normal-mean_AR-vol_GARCH,47.26058578491211,0.1651602378570191,0.0486477715955173
p10,ARCH-p_15-q_36-o_24-lags_36-power_1-dist_normal-mean_HAR-vol_GARCH,46.89374232292175,0.1661601122656648,0.0433873580894359
p10,ARCH-p_15-q_36-o_24-lags_48-power_1-dist_normal-mean_AR-vol_GARCH,52.8242928981781,0.1617095600708844,0.0407220031356173
p10,ARCH-p_15-q_36-o_24-lags_48-power_1-dist_normal-mean_HAR-vol_GARCH,52.865294456481934,0.1641019812315756,0.0381755290490799
p10,ARCH-p_36-q_12-o_12-lags_24-power_1-dist_normal-mean_AR-vol_GARCH,33.41778755187988,0.1722701713687039,0.0481076487733621
p10,ARCH-p_36-q_12-o_12-lags_24-power_1-dist_normal-mean_HAR-vol_GARCH,27.760390043258667,0.1747395571858595,0.051907321063015
p10,ARCH-p_36-q_12-o_12-lags_36-power_1-dist_normal-mean_AR-vol_GARCH,34.06253170967102,0.1751460221816401,0.0529084351877042
p10,ARCH-p_36-q_12-o_12-lags_36-power_1-dist_normal-mean_HAR-vol_GARCH,32.84497714042664,0.1795122331992314,0.0583360287052
p10,ARCH-p_36-q_12-o_12-lags_48-power_1-dist_normal-mean_AR-vol_GARCH,38.97262692451477,0.1601077295674742,0.0402824531752486
p10,ARCH-p_36-q_12-o_12-lags_48-power_1-dist_normal-mean_HAR-vol_GARCH,38.504478931427,0.1676042225729921,0.0372983815934025
p10,ARCH-p_36-q_12-o_24-lags_24-power_1-dist_normal-mean_AR-vol_GARCH,39.8315110206604,0.181221186032871,0.0598856343015345
p10,ARCH-p_36-q_12-o_24-lags_24-power_1-dist_normal-mean_HAR-vol_GARCH,41.36901617050171,0.1737573275955026,0.0531032295053302
p10,ARCH-p_36-q_12-o_24-lags_36-power_1-dist_normal-mean_AR-vol_GARCH,45.87235736846924,0.1686359418851867,0.047678926975712
p10,ARCH-p_36-q_12-o_24-lags_36-power_1-dist_normal-mean_HAR-vol_GARCH,43.87992763519287,0.1788115917323389,0.058130631812096
p10,ARCH-p_36-q_12-o_24-lags_48-power_1-dist_normal-mean_AR-vol_GARCH,51.41620588302612,0.1624163315951299,0.0511002825200291
p10,ARCH-p_36-q_12-o_24-lags_48-power_1-dist_normal-mean_HAR-vol_GARCH,51.36351180076599,0.1740744320087611,0.0591725646613711
p10,ARCH-p_36-q_24-o_12-lags_24-power_1-dist_normal-mean_AR-vol_GARCH,34.114633560180664,0.1727383243354265,0.0608585846368249
p10,ARCH-p_36-q_24-o_12-lags_24-power_1-dist_normal-mean_HAR-vol_GARCH,34.668081283569336,0.1695774909898153,0.0477020979104216
p10,ARCH-p_36-q_24-o_12-lags_36-power_1-dist_normal-mean_AR-vol_GARCH,42.80369520187378,0.1656147403119242,0.0343592253794658
p10,ARCH-p_36-q_24-o_12-lags_36-power_1-dist_normal-mean_HAR-vol_GARCH,39.56252837181091,0.1684312235914307,0.051353953600411
p10,ARCH-p_36-q_24-o_12-lags_48-power_1-dist_normal-mean_AR-vol_GARCH,48.683608055114746,0.1636652936104486,0.0404218320541391
p10,ARCH-p_36-q_24-o_12-lags_48-power_1-dist_normal-mean_HAR-vol_GARCH,46.6058509349823,0.1713171813395261,0.0513902182853504
p10,ARCH-p_36-q_24-o_24-lags_24-power_1-dist_normal-mean_AR-vol_GARCH,47.72156286239624,0.1710193636872741,0.0519483011356302
p10,ARCH-p_36-q_24-o_24-lags_24-power_1-dist_normal-mean_HAR-vol_GARCH,48.43428301811218,0.1707940349266466,0.0464699499031753
p10,ARCH-p_36-q_24-o_24-lags_36-power_1-dist_normal-mean_AR-vol_GARCH,55.22063589096069,0.1728725651123766,0.0505002751945571
p10,ARCH-p_36-q_24-o_24-lags_36-power_1-dist_normal-mean_HAR-vol_GARCH,54.7736394405365,0.1666948599152723,0.0416434366455087
p10,ARCH-p_36-q_24-o_24-lags_48-power_1-dist_normal-mean_AR-vol_GARCH,63.61758255958557,0.165328597101128,0.0508285575676351
p10,ARCH-p_36-q_24-o_24-lags_48-power_1-dist_normal-mean_HAR-vol_GARCH,62.95018672943115,0.1625449818553261,0.0372200197801873
p10,ARCH-p_36-q_36-o_12-lags_24-power_1-dist_normal-mean_AR-vol_GARCH,43.41089367866516,0.1670072560288727,0.044314365702848
p10,ARCH-p_36-q_36-o_12-lags_24-power_1-dist_normal-mean_HAR-vol_GARCH,41.51859998703003,0.173501748420765,0.0538946124833221
p10,ARCH-p_36-q_36-o_12-lags_36-power_1-dist_normal-mean_AR-vol_GARCH,50.72013163566589,0.1791077953056416,0.0553197402530743
p10,ARCH-p_36-q_36-o_12-lags_36-power_1-dist_normal-mean_HAR-vol_GARCH,50.16252017021179,0.1625994006649984,0.0335712590522797
p10,ARCH-p_36-q_36-o_12-lags_48-power_1-dist_normal-mean_AR-vol_GARCH,58.464919328689575,0.1675362697481587,0.0455640557382335
p10,ARCH-p_36-q_36-o_12-lags_48-power_1-dist_normal-mean_HAR-vol_GARCH,58.70798397064209,0.1709562408549462,0.0510914962864851
p10,ARCH-p_36-q_36-o_24-lags_24-power_1-dist_normal-mean_AR-vol_GARCH,58.89051508903504,0.168316165144516,0.0436932028925077
p10,ARCH-p_36-q_36-o_24-lags_24-power_1-dist_normal-mean_HAR-vol_GARCH,55.87573385238648,0.1715525512947938,0.0529081315001167
p10,ARCH-p_36-q_36-o_24-lags_36-power_1-dist_normal-mean_AR-vol_GARCH,66.74242520332336,0.1709605640875058,0.0462340062557598
p10,ARCH-p_36-q_36-o_24-lags_36-power_1-dist_normal-mean_HAR-vol_GARCH,64.67846465110779,0.1765178444024553,0.0483041225611752
p10,ARCH-p_36-q_36-o_24-lags_48-power_1-dist_normal-mean_AR-vol_GARCH,73.08099436759949,0.1598571369223691,0.041436564562276
p10,ARCH-p_36-q_36-o_24-lags_48-power_1-dist_normal-mean_HAR-vol_GARCH,73.66366362571716,0.1603661413989289,0.0423545131178252
p11,ARCH-p_15-q_12-o_12-lags_24-power_1-dist_normal-mean_AR-vol_GARCH,15.009716510772703,0.2958719173433372,0.1245722292484481
p11,ARCH-p_15-q_12-o_12-lags_24-power_1-dist_normal-mean_HAR-vol_GARCH,13.544774532318115,0.2745418451899054,0.085577050809742
p11,ARCH-p_15-q_12-o_12-lags_36-power_1-dist_normal-mean_AR-vol_GARCH,18.785824298858643,0.2793162360542269,0.0933723059502146
p11,ARCH-p_15-q_12-o_12-lags_36-power_1-dist_normal-mean_HAR-vol_GARCH,18.529373168945312,0.2844555436058271,0.0931944969010143
p11,ARCH-p_15-q_12-o_12-lags_48-power_1-dist_normal-mean_AR-vol_GARCH,25.29336285591125,0.2894735002425816,0.0989214633299635
p11,ARCH-p_15-q_12-o_12-lags_48-power_1-dist_normal-mean_HAR-vol_GARCH,24.31109094619751,0.2990318353167837,0.1193825571630578
p11,ARCH-p_15-q_12-o_24-lags_24-power_1-dist_normal-mean_AR-vol_GARCH,25.363606929779053,0.2854670429371847,0.0924224698293865
p11,ARCH-p_15-q_12-o_24-lags_24-power_1-dist_normal-mean_HAR-vol_GARCH,23.77755331993103,0.2956582560987427,0.1128288078757244
p11,ARCH-p_15-q_12-o_24-lags_36-power_1-dist_normal-mean_AR-vol_GARCH,26.980299711227417,0.2868034088958299,0.082556080176863
p11,ARCH-p_15-q_12-o_24-lags_36-power_1-dist_normal-mean_HAR-vol_GARCH,27.52679204940796,0.2894800474430042,0.0874343015017264
p11,ARCH-p_15-q_12-o_24-lags_48-power_1-dist_normal-mean_AR-vol_GARCH,37.14028263092041,0.3047818737889664,0.1372551277172136
p11,ARCH-p_15-q_12-o_24-lags_48-power_1-dist_normal-mean_HAR-vol_GARCH,33.72009468078613,0.2829918783220318,0.0750680259155772
p11,ARCH-p_15-q_24-o_12-lags_24-power_1-dist_normal-mean_AR-vol_GARCH,20.032771587371823,0.296701034085584,0.1163906010639366
p11,ARCH-p_15-q_24-o_12-lags_24-power_1-dist_normal-mean_HAR-vol_GARCH,20.51632404327393,0.2977102142853872,0.1217739560910022
p11,ARCH-p_15-q_24-o_12-lags_36-power_1-dist_normal-mean_AR-vol_GARCH,25.67064595222473,0.2960633348033244,0.1180123127005224
p11,ARCH-p_15-q_24-o_12-lags_36-power_1-dist_normal-mean_HAR-vol_GARCH,24.048191785812374,0.3014550828384891,0.1162427419906668
p11,ARCH-p_15-q_24-o_12-lags_48-power_1-dist_normal-mean_AR-vol_GARCH,36.55112934112549,0.2903005035360714,0.1061793928658655
p11,ARCH-p_15-q_24-o_12-lags_48-power_1-dist_normal-mean_HAR-vol_GARCH,29.48123431205749,0.3000073158971894,0.1092125721206053
p11,ARCH-p_15-q_24-o_24-lags_24-power_1-dist_normal-mean_AR-vol_GARCH,31.042383193969727,0.297934788147326,0.1199214984869618
p11,ARCH-p_15-q_24-o_24-lags_24-power_1-dist_normal-mean_HAR-vol_GARCH,29.29171371459961,0.3027309900612787,0.1179024284971896
p11,ARCH-p_15-q_24-o_24-lags_36-power_1-dist_normal-mean_AR-vol_GARCH,36.25915193557739,0.3074418012120071,0.1413073869920572
p11,ARCH-p_15-q_24-o_24-lags_36-power_1-dist_normal-mean_HAR-vol_GARCH,29.853139400482178,0.3023054768355339,0.1150036284876814
p11,ARCH-p_15-q_24-o_24-lags_48-power_1-dist_normal-mean_AR-vol_GARCH,42.58457016944885,0.2980901106712686,0.11968550971581
p11,ARCH-p_15-q_24-o_24-lags_48-power_1-dist_normal-mean_HAR-vol_GARCH,35.6557719707489,0.2960586392064909,0.1045586800954402
p11,ARCH-p_15-q_36-o_12-lags_24-power_1-dist_normal-mean_AR-vol_GARCH,26.650433778762817,0.2903196062366678,0.1202062418987457
p11,ARCH-p_15-q_36-o_12-lags_24-power_1-dist_normal-mean_HAR-vol_GARCH,24.70362591743469,0.2830170382013543,0.1086862148163387
p11,ARCH-p_15-q_36-o_12-lags_36-power_1-dist_normal-mean_AR-vol_GARCH,33.52210474014282,0.2772275648232941,0.0943233972313131
p11,ARCH-p_15-q_36-o_12-lags_36-power_1-dist_normal-mean_HAR-vol_GARCH,32.356914043426514,0.2733104603951718,0.0897597804247821
p11,ARCH-p_15-q_36-o_12-lags_48-power_1-dist_normal-mean_AR-vol_GARCH,38.23163914680481,0.2879479569642678,0.1015933238592295
p11,ARCH-p_15-q_36-o_12-lags_48-power_1-dist_normal-mean_HAR-vol_GARCH,38.48323631286621,0.286509687886563,0.0991330616695953
p11,ARCH-p_15-q_36-o_24-lags_24-power_1-dist_normal-mean_AR-vol_GARCH,38.30857706069946,0.2817433426564354,0.0944216575009025
p11,ARCH-p_15-q_36-o_24-lags_24-power_1-dist_normal-mean_HAR-vol_GARCH,35.22044086456299,0.2878710759674945,0.1172394441177212
p11,ARCH-p_15-q_36-o_24-lags_36-power_1-dist_normal-mean_AR-vol_GARCH,44.3769805431366,0.2855819627125408,0.0987574102311908
p11,ARCH-p_15-q_36-o_24-lags_36-power_1-dist_normal-mean_HAR-vol_GARCH,43.26621580123901,0.2861331772400915,0.0985814737259963
p11,ARCH-p_15-q_36-o_24-lags_48-power_1-dist_normal-mean_AR-vol_GARCH,59.45485854148865,0.2840748100481756,0.1085635574164909
p11,ARCH-p_15-q_36-o_24-lags_48-power_1-dist_normal-mean_HAR-vol_GARCH,43.18085265159607,0.2811782162541388,0.0897382989302463
p11,ARCH-p_36-q_12-o_12-lags_24-power_1-dist_normal-mean_AR-vol_GARCH,27.434658765792847,0.2942273661813117,0.101178586305785
p11,ARCH-p_36-q_12-o_12-lags_24-power_1-dist_normal-mean_HAR-vol_GARCH,26.17781352996826,0.2963366775827902,0.1075598737284673
p11,ARCH-p_36-q_12-o_12-lags_36-power_1-dist_normal-mean_AR-vol_GARCH,26.479057550430294,0.2923959507452014,0.1024253000883202
p11,ARCH-p_36-q_12-o_12-lags_36-power_1-dist_normal-mean_HAR-vol_GARCH,26.74606490135193,0.3026054009526067,0.1103669342533303
p11,ARCH-p_36-q_12-o_12-lags_48-power_1-dist_normal-mean_AR-vol_GARCH,36.0788357257843,0.2957203562108729,0.1126586253294595
p11,ARCH-p_36-q_12-o_12-lags_48-power_1-dist_normal-mean_HAR-vol_GARCH,37.119035482406616,0.2907699215425928,0.0952052721428044
p11,ARCH-p_36-q_12-o_24-lags_24-power_1-dist_normal-mean_AR-vol_GARCH,38.05701279640198,0.2859150509064383,0.0975279456288125
p11,ARCH-p_36-q_12-o_24-lags_24-power_1-dist_normal-mean_HAR-vol_GARCH,36.6196026802063,0.2975757488396753,0.1062957744380296
p11,ARCH-p_36-q_12-o_24-lags_36-power_1-dist_normal-mean_AR-vol_GARCH,36.43849205970764,0.3051334629747174,0.1349245981193001
p11,ARCH-p_36-q_12-o_24-lags_36-power_1-dist_normal-mean_HAR-vol_GARCH,35.37955021858215,0.2965839170675571,0.1080618535401455
p11,ARCH-p_36-q_12-o_24-lags_48-power_1-dist_normal-mean_AR-vol_GARCH,49.05571269989014,0.2993577940110403,0.1205040687422324
p11,ARCH-p_36-q_12-o_24-lags_48-power_1-dist_normal-mean_HAR-vol_GARCH,48.557605266571045,0.297290336492945,0.1127785746793968
p11,ARCH-p_36-q_24-o_12-lags_24-power_1-dist_normal-mean_AR-vol_GARCH,33.20521426200867,0.2844502961942158,0.0933709254124477
p11,ARCH-p_36-q_24-o_12-lags_24-power_1-dist_normal-mean_HAR-vol_GARCH,32.280771255493164,0.2901790370820662,0.098519470496286
p11,ARCH-p_36-q_24-o_12-lags_36-power_1-dist_normal-mean_AR-vol_GARCH,39.462061405181885,0.2989555278228328,0.1099977606869553
p11,ARCH-p_36-q_24-o_12-lags_36-power_1-dist_normal-mean_HAR-vol_GARCH,38.07646632194519,0.2974998717446259,0.1267290178894758
p11,ARCH-p_36-q_24-o_12-lags_48-power_1-dist_normal-mean_AR-vol_GARCH,45.08018445968628,0.2744575994301957,0.0771325561640302
p11,ARCH-p_36-q_24-o_12-lags_48-power_1-dist_normal-mean_HAR-vol_GARCH,44.10714030265808,0.2875561157244121,0.0959766349462348
p11,ARCH-p_36-q_24-o_24-lags_24-power_1-dist_normal-mean_AR-vol_GARCH,46.08517146110535,0.3039262134162197,0.1147458556822144
p11,ARCH-p_36-q_24-o_24-lags_24-power_1-dist_normal-mean_HAR-vol_GARCH,44.74874496459961,0.3032685356742572,0.1339210760900402
p11,ARCH-p_36-q_24-o_24-lags_36-power_1-dist_normal-mean_AR-vol_GARCH,61.42204856872559,0.2953252783694343,0.1190494520072188
p11,ARCH-p_36-q_24-o_24-lags_36-power_1-dist_normal-mean_HAR-vol_GARCH,52.03839588165283,0.2925327605906456,0.1050410587054677
p11,ARCH-p_36-q_24-o_24-lags_48-power_1-dist_normal-mean_AR-vol_GARCH,59.97717332839966,0.3036599211173268,0.1173192955753622
p11,ARCH-p_36-q_24-o_24-lags_48-power_1-dist_normal-mean_HAR-vol_GARCH,49.8322229385376,0.2946200092191187,0.104096829490333
p11,ARCH-p_36-q_36-o_12-lags_24-power_1-dist_normal-mean_AR-vol_GARCH,41.45318412780762,0.2839840120156753,0.1094558966643179
p11,ARCH-p_36-q_36-o_12-lags_24-power_1-dist_normal-mean_HAR-vol_GARCH,43.40267086029053,0.2889525958681935,0.1087462101346002
p11,ARCH-p_36-q_36-o_12-lags_36-power_1-dist_normal-mean_AR-vol_GARCH,53.98224210739136,0.2971391196138615,0.1208251232069451
p11,ARCH-p_36-q_36-o_12-lags_36-power_1-dist_normal-mean_HAR-vol_GARCH,46.483317613601685,0.2826217832595589,0.1004883002929426
p11,ARCH-p_36-q_36-o_12-lags_48-power_1-dist_normal-mean_AR-vol_GARCH,64.82082343101501,0.3032518163499085,0.1338563111495888
p11,ARCH-p_36-q_36-o_12-lags_48-power_1-dist_normal-mean_HAR-vol_GARCH,53.23205924034119,0.2862577405855603,0.1096719733481175
p11,ARCH-p_36-q_36-o_24-lags_24-power_1-dist_normal-mean_AR-vol_GARCH,55.12561511993408,0.2957471195919177,0.1196030542876276
p11,ARCH-p_36-q_36-o_24-lags_24-power_1-dist_normal-mean_HAR-vol_GARCH,52.50979542732239,0.2931967902437271,0.1178822377609996
p11,ARCH-p_36-q_36-o_24-lags_36-power_1-dist_normal-mean_AR-vol_GARCH,62.88430047035217,0.2857058823043153,0.1029389410322204
p11,ARCH-p_36-q_36-o_24-lags_36-power_1-dist_normal-mean_HAR-vol_GARCH,62.26485705375672,0.3007310542303947,0.1284380980730997
p11,ARCH-p_36-q_36-o_24-lags_48-power_1-dist_normal-mean_AR-vol_GARCH,70.83093357086182,0.2849378483322728,0.0929230740763243
p11,ARCH-p_36-q_36-o_24-lags_48-power_1-dist_normal-mean_HAR-vol_GARCH,70.80220222473145,0.2869668706788172,0.1011731663195287
p12,ARCH-p_15-q_12-o_12-lags_24-power_1-dist_normal-mean_AR-vol_GARCH,16.33208990097046,0.3156061173243721,0.2715526222701157
p12,ARCH-p_15-q_12-o_12-lags_24-power_1-dist_normal-mean_HAR-vol_GARCH,15.97917652130127,0.3299416200546394,0.2703766427076998
p12,ARCH-p_15-q_12-o_12-lags_36-power_1-dist_normal-mean_AR-vol_GARCH,20.971251726150516,0.3130566139287341,0.2207615246559468
p12,ARCH-p_15-q_12-o_12-lags_36-power_1-dist_normal-mean_HAR-vol_GARCH,20.23396944999695,0.3397613415066109,0.2882298465269908
p12,ARCH-p_15-q_12-o_12-lags_48-power_1-dist_normal-mean_AR-vol_GARCH,24.20471572875977,0.3217460165106863,0.2659860390630333
p12,ARCH-p_15-q_12-o_12-lags_48-power_1-dist_normal-mean_HAR-vol_GARCH,24.046453714370728,0.327561040140142,0.2789763295122154
p12,ARCH-p_15-q_12-o_24-lags_24-power_1-dist_normal-mean_AR-vol_GARCH,24.703822135925293,0.3214290218515411,0.2917120975184963
p12,ARCH-p_15-q_12-o_24-lags_24-power_1-dist_normal-mean_HAR-vol_GARCH,25.164308547973636,0.3218703090359621,0.2498463363793887
p12,ARCH-p_15-q_12-o_24-lags_36-power_1-dist_normal-mean_AR-vol_GARCH,31.20309329032898,0.3241016446762729,0.2880717653113168
p12,ARCH-p_15-q_12-o_24-lags_36-power_1-dist_normal-mean_HAR-vol_GARCH,30.23257350921631,0.3159438118736771,0.29161905026238
p12,ARCH-p_15-q_12-o_24-lags_48-power_1-dist_normal-mean_AR-vol_GARCH,35.13817524909973,0.3226829643512898,0.2608581683978187
p12,ARCH-p_15-q_12-o_24-lags_48-power_1-dist_normal-mean_HAR-vol_GARCH,34.37940192222595,0.3282173003734475,0.283399058689559
p12,ARCH-p_15-q_24-o_12-lags_24-power_1-dist_normal-mean_AR-vol_GARCH,22.39646816253662,0.3133709837504311,0.2815011283976911
p12,ARCH-p_15-q_24-o_12-lags_24-power_1-dist_normal-mean_HAR-vol_GARCH,22.234193801879883,0.3194969556445994,0.2721934465856619
p12,ARCH-p_15-q_24-o_12-lags_36-power_1-dist_normal-mean_AR-vol_GARCH,28.264493465423584,0.311558106159487,0.267497263104786
p12,ARCH-p_15-q_24-o_12-lags_36-power_1-dist_normal-mean_HAR-vol_GARCH,26.260842323303223,0.3066366246409847,0.2501665750430651
p12,ARCH-p_15-q_24-o_12-lags_48-power_1-dist_normal-mean_AR-vol_GARCH,32.80800795555115,0.3096267934756426,0.2879098715705808
p12,ARCH-p_15-q_24-o_12-lags_48-power_1-dist_normal-mean_HAR-vol_GARCH,31.97730541229248,0.3070553506721582,0.2703850511514523
p12,ARCH-p_15-q_24-o_24-lags_24-power_1-dist_normal-mean_AR-vol_GARCH,32.58150911331177,0.322041051046013,0.3199760397271642
p12,ARCH-p_15-q_24-o_24-lags_24-power_1-dist_normal-mean_HAR-vol_GARCH,31.725203275680546,0.322396685797199,0.2832867023702822
p12,ARCH-p_15-q_24-o_24-lags_36-power_1-dist_normal-mean_AR-vol_GARCH,39.00688099861145,0.3128094258041736,0.2745100779843509
p12,ARCH-p_15-q_24-o_24-lags_36-power_1-dist_normal-mean_HAR-vol_GARCH,38.22740507125855,0.3237504282708346,0.2857874352412548
p12,ARCH-p_15-q_24-o_24-lags_48-power_1-dist_normal-mean_AR-vol_GARCH,42.7984893321991,0.3111833490774886,0.2636565123719707
p12,ARCH-p_15-q_24-o_24-lags_48-power_1-dist_normal-mean_HAR-vol_GARCH,44.10196757316589,0.3155642773020879,0.2678055172796922
p12,ARCH-p_15-q_36-o_12-lags_24-power_1-dist_normal-mean_AR-vol_GARCH,29.17559790611267,0.3044423879118176,0.2690679825696263
p12,ARCH-p_15-q_36-o_12-lags_24-power_1-dist_normal-mean_HAR-vol_GARCH,28.183968544006348,0.3300419093127703,0.3061915784725198
p12,ARCH-p_15-q_36-o_12-lags_36-power_1-dist_normal-mean_AR-vol_GARCH,34.20763182640076,0.2975598135522008,0.2569905321013611
p12,ARCH-p_15-q_36-o_12-lags_36-power_1-dist_normal-mean_HAR-vol_GARCH,34.74288821220398,0.3078117162284089,0.2761938931701245
p12,ARCH-p_15-q_36-o_12-lags_48-power_1-dist_normal-mean_AR-vol_GARCH,41.13529968261719,0.2876418144957671,0.2203988877834218
p12,ARCH-p_15-q_36-o_12-lags_48-power_1-dist_normal-mean_HAR-vol_GARCH,38.78350615501404,0.317585748855015,0.2885006484150988
p12,ARCH-p_15-q_36-o_24-lags_24-power_1-dist_normal-mean_AR-vol_GARCH,41.8333683013916,0.3157129922413709,0.2658051310306936
p12,ARCH-p_15-q_36-o_24-lags_24-power_1-dist_normal-mean_HAR-vol_GARCH,39.5519449710846,0.3261171981145011,0.296095909393304
p12,ARCH-p_15-q_36-o_24-lags_36-power_1-dist_normal-mean_AR-vol_GARCH,47.17497110366821,0.309085317600846,0.2679237268244522
p12,ARCH-p_15-q_36-o_24-lags_36-power_1-dist_normal-mean_HAR-vol_GARCH,46.571306228637695,0.3017153357478609,0.2579197011905466
p12,ARCH-p_15-q_36-o_24-lags_48-power_1-dist_normal-mean_AR-vol_GARCH,54.09515857696533,0.3114170559041231,0.2634749611791129
p12,ARCH-p_15-q_36-o_24-lags_48-power_1-dist_normal-mean_HAR-vol_GARCH,52.46787524223328,0.3219678693123917,0.307096078991513
p12,ARCH-p_36-q_12-o_12-lags_24-power_1-dist_normal-mean_AR-vol_GARCH,27.65249752998352,0.3130851910844531,0.2550549881408863
p12,ARCH-p_36-q_12-o_12-lags_24-power_1-dist_normal-mean_HAR-vol_GARCH,27.7510826587677,0.3182625156285109,0.2704091769230887
p12,ARCH-p_36-q_12-o_12-lags_36-power_1-dist_normal-mean_AR-vol_GARCH,32.29886054992676,0.3147855908081753,0.3043132904130574
p12,ARCH-p_36-q_12-o_12-lags_36-power_1-dist_normal-mean_HAR-vol_GARCH,31.953643321990967,0.3240357847426632,0.2823833935896307
p12,ARCH-p_36-q_12-o_12-lags_48-power_1-dist_normal-mean_AR-vol_GARCH,37.37693428993225,0.3149175818133443,0.2667441645727117
p12,ARCH-p_36-q_12-o_12-lags_48-power_1-dist_normal-mean_HAR-vol_GARCH,36.72057414054871,0.3315336163684671,0.3241807608358812
p12,ARCH-p_36-q_12-o_24-lags_24-power_1-dist_normal-mean_AR-vol_GARCH,38.520636796951294,0.326136543556959,0.2878034094538693
p12,ARCH-p_36-q_12-o_24-lags_24-power_1-dist_normal-mean_HAR-vol_GARCH,39.65087699890137,0.3057976325708736,0.2404691053958884
p12,ARCH-p_36-q_12-o_24-lags_36-power_1-dist_normal-mean_AR-vol_GARCH,45.73361420631409,0.3047863956457536,0.2547454068735767
p12,ARCH-p_36-q_12-o_24-lags_36-power_1-dist_normal-mean_HAR-vol_GARCH,44.626004695892334,0.31551639957333,0.2606524331224405
p12,ARCH-p_36-q_12-o_24-lags_48-power_1-dist_normal-mean_AR-vol_GARCH,50.45476007461548,0.3140024041254708,0.2954046869964751
p12,ARCH-p_36-q_12-o_24-lags_48-power_1-dist_normal-mean_HAR-vol_GARCH,50.6047739982605,0.3014985717399924,0.2697264600630055
p12,ARCH-p_36-q_24-o_12-lags_24-power_1-dist_normal-mean_AR-vol_GARCH,34.36889910697937,0.3169550011336781,0.261288647062918
p12,ARCH-p_36-q_24-o_12-lags_24-power_1-dist_normal-mean_HAR-vol_GARCH,35.208619117736816,0.3144204679440863,0.2983896670098833
p12,ARCH-p_36-q_24-o_12-lags_36-power_1-dist_normal-mean_AR-vol_GARCH,41.57620596885681,0.3201419512501103,0.2979596328620502
p12,ARCH-p_36-q_24-o_12-lags_36-power_1-dist_normal-mean_HAR-vol_GARCH,41.44326186180115,0.324911856098297,0.297053609909619
p12,ARCH-p_36-q_24-o_12-lags_48-power_1-dist_normal-mean_AR-vol_GARCH,47.04762530326843,0.3164317487494816,0.2764360665266603
p12,ARCH-p_36-q_24-o_12-lags_48-power_1-dist_normal-mean_HAR-vol_GARCH,47.18533420562744,0.3199813780922569,0.2687251685285426
p12,ARCH-p_36-q_24-o_24-lags_24-power_1-dist_normal-mean_AR-vol_GARCH,47.82720351219177,0.3041775297040661,0.2570594433432853
p12,ARCH-p_36-q_24-o_24-lags_24-power_1-dist_normal-mean_HAR-vol_GARCH,49.07897043228149,0.3154145503857911,0.3039134408032021
p12,ARCH-p_36-q_24-o_24-lags_36-power_1-dist_normal-mean_AR-vol_GARCH,55.634472131729126,0.2643878615020665,0.1492746148173147
p12,ARCH-p_36-q_24-o_24-lags_36-power_1-dist_normal-mean_HAR-vol_GARCH,54.8401460647583,0.3090911975869114,0.2390865779155913
p12,ARCH-p_36-q_24-o_24-lags_48-power_1-dist_normal-mean_AR-vol_GARCH,62.64382410049439,0.3210370894082528,0.2624692587773361
p12,ARCH-p_36-q_24-o_24-lags_48-power_1-dist_normal-mean_HAR-vol_GARCH,61.8959231376648,0.2994722158316046,0.2725882488362022
p12,ARCH-p_36-q_36-o_12-lags_24-power_1-dist_normal-mean_AR-vol_GARCH,46.193458795547485,0.3079322463949742,0.2947994475414748
p12,ARCH-p_36-q_36-o_12-lags_24-power_1-dist_normal-mean_HAR-vol_GARCH,42.72500562667847,0.3202184129863213,0.2912813669217082
p12,ARCH-p_36-q_36-o_12-lags_36-power_1-dist_normal-mean_AR-vol_GARCH,50.41162252426148,0.2995176874375103,0.2687980362435355
p12,ARCH-p_36-q_36-o_12-lags_36-power_1-dist_normal-mean_HAR-vol_GARCH,52.77739906311035,0.3157481569901912,0.2734559232529104
p12,ARCH-p_36-q_36-o_12-lags_48-power_1-dist_normal-mean_AR-vol_GARCH,59.69457244873047,0.3032093667389171,0.2824076959192416
p12,ARCH-p_36-q_36-o_12-lags_48-power_1-dist_normal-mean_HAR-vol_GARCH,58.01125741004944,0.301950197584253,0.2764665648588185
p12,ARCH-p_36-q_36-o_24-lags_24-power_1-dist_normal-mean_AR-vol_GARCH,56.91096115112305,0.3188729526334103,0.3078125221130987
p12,ARCH-p_36-q_36-o_24-lags_24-power_1-dist_normal-mean_HAR-vol_GARCH,59.26192092895508,0.2984102357336416,0.2297245663366302
p12,ARCH-p_36-q_36-o_24-lags_36-power_1-dist_normal-mean_AR-vol_GARCH,66.62297916412354,0.3163597150667007,0.2792834462555912
p12,ARCH-p_36-q_36-o_24-lags_36-power_1-dist_normal-mean_HAR-vol_GARCH,64.43033528327942,0.3082958662311878,0.2562918938523105
p12,ARCH-p_36-q_36-o_24-lags_48-power_1-dist_normal-mean_AR-vol_GARCH,73.20006918907166,0.3017175949057428,0.2882302248592513
p12,ARCH-p_36-q_36-o_24-lags_48-power_1-dist_normal-mean_HAR-vol_GARCH,73.04220795631409,0.31315349453551,0.2685444919566619
