dataset,dataset_label,model,score,n,n_hypo,base_rate,operating_point,thr,tp,fp,fn,tn,sens,spec,ppv,npv,fp_per100,alarms_per100
aleppo_2017,Replace-BG,chronos2,prob,4243,1047,0.2467593683714353,sens90,0.1,1047,3196,0,0,1.0,0.0,0.2467593683714353,,75.32406316285648,100.0
aleppo_2017,Replace-BG,chronos2,prob,4243,1047,0.2467593683714353,sens80,0.1,1047,3196,0,0,1.0,0.0,0.2467593683714353,,75.32406316285648,100.0
aleppo_2017,Replace-BG,chronos2,prob,4243,1047,0.2467593683714353,youden,0.11991685080396075,575,568,472,2628,0.5491881566380133,0.8222778473091364,0.5030621172353456,0.847741935483871,13.38675465472543,26.938486919632336
aleppo_2017,Replace-BG,moirai,prob,4243,1047,0.2467593683714353,sens90,0.10608414214944716,943,2312,104,884,0.9006685768863419,0.2765957446808511,0.28970814132104455,0.8947368421052632,54.48974781993872,76.71458873438604
aleppo_2017,Replace-BG,moirai,prob,4243,1047,0.2467593683714353,sens80,0.13929910179628283,838,1737,209,1459,0.8003820439350525,0.4565081351689612,0.32543689320388347,0.8747002398081535,40.93801555503182,60.68819231675701
aleppo_2017,Replace-BG,moirai,prob,4243,1047,0.2467593683714353,youden,0.19875046647347444,610,758,437,2438,0.5826170009551098,0.762828535669587,0.44590643274853803,0.848,17.86471835965119,32.24133867546547
aleppo_2017,Replace-BG,toto,prob,4243,1047,0.2467593683714353,sens90,0.1,1047,3196,0,0,1.0,0.0,0.2467593683714353,,75.32406316285648,100.0
aleppo_2017,Replace-BG,toto,prob,4243,1047,0.2467593683714353,sens80,0.12786763794524528,838,1683,209,1513,0.8003820439350525,0.4734042553191489,0.3324077746925823,0.8786295005807201,39.66533113363187,59.41550789535706
aleppo_2017,Replace-BG,toto,prob,4243,1047,0.2467593683714353,youden,0.21500688018874983,597,713,450,2483,0.5702005730659025,0.7769086357947435,0.45572519083969465,0.8465734742584384,16.804148008484564,30.874381333961818
aleppo_2017,Replace-BG,patchtst,prob,4243,1047,0.2467593683714353,sens90,0.1,1047,3196,0,0,1.0,0.0,0.2467593683714353,,75.32406316285648,100.0
aleppo_2017,Replace-BG,patchtst,prob,4243,1047,0.2467593683714353,sens80,0.1,1047,3196,0,0,1.0,0.0,0.2467593683714353,,75.32406316285648,100.0
aleppo_2017,Replace-BG,patchtst,prob,4243,1047,0.2467593683714353,youden,0.1297834779666329,616,727,431,2469,0.5883476599808978,0.7725281602002503,0.45867460908414,0.8513793103448276,17.134103228847515,31.652132924817348
aleppo_2017,Replace-BG,tft,prob,4243,1047,0.2467593683714353,sens90,0.1,1047,3196,0,0,1.0,0.0,0.2467593683714353,,75.32406316285648,100.0
aleppo_2017,Replace-BG,tft,prob,4243,1047,0.2467593683714353,sens80,0.1,1047,3196,0,0,1.0,0.0,0.2467593683714353,,75.32406316285648,100.0
aleppo_2017,Replace-BG,tft,prob,4243,1047,0.2467593683714353,youden,0.1173241123719703,561,582,486,2614,0.5358166189111748,0.8178973717146433,0.49081364829396323,0.8432258064516129,13.71670987508838,26.938486919632336
aleppo_2017,Replace-BG,deepar,prob,4243,1047,0.2467593683714353,sens90,0.13634304626841964,943,2355,104,841,0.9006685768863419,0.26314142678347935,0.2859308671922377,0.8899470899470899,55.5031817110535,77.72802262550083
aleppo_2017,Replace-BG,deepar,prob,4243,1047,0.2467593683714353,sens80,0.15522833296789001,838,1765,209,1431,0.8003820439350525,0.447747183979975,0.3219362274298886,0.8725609756097561,41.59792599575772,61.34810275748291
aleppo_2017,Replace-BG,deepar,prob,4243,1047,0.2467593683714353,youden,0.1975322444118432,616,820,431,2376,0.5883476599808978,0.7434292866082604,0.42896935933147634,0.8464552903455647,19.325948621258544,33.84397831722838
brown_2019,DCLP3,chronos2,prob,3809,463,0.12155421370438435,sens90,0.1,463,3346,0,0,1.0,0.0,0.12155421370438435,,87.84457862956157,100.0
brown_2019,DCLP3,chronos2,prob,3809,463,0.12155421370438435,sens80,0.1,463,3346,0,0,1.0,0.0,0.12155421370438435,,87.84457862956157,100.0
brown_2019,DCLP3,chronos2,prob,3809,463,0.12155421370438435,youden,0.10006168906905764,169,250,294,3096,0.3650107991360691,0.9252839210998207,0.4033412887828162,0.9132743362831859,6.563402467839328,11.000262536098713
brown_2019,DCLP3,moirai,prob,3809,463,0.12155421370438435,sens90,0.1,463,3346,0,0,1.0,0.0,0.12155421370438435,,87.84457862956157,100.0
brown_2019,DCLP3,moirai,prob,3809,463,0.12155421370438435,sens80,0.11221729023648966,371,1768,92,1578,0.8012958963282938,0.47160789001793185,0.1734455352968677,0.9449101796407186,46.41638225255973,56.15647151483329
brown_2019,DCLP3,moirai,prob,3809,463,0.12155421370438435,youden,0.1471718145270849,285,950,178,2396,0.6155507559395248,0.7160789001793186,0.23076923076923078,0.9308469308469308,24.940929377789445,32.42320819112628
brown_2019,DCLP3,toto,prob,3809,463,0.12155421370438435,sens90,0.10748333375022019,417,2290,46,1056,0.9006479481641468,0.31560071727435746,0.15404506834133727,0.9582577132486388,60.12076660540824,71.06852192176424
brown_2019,DCLP3,toto,prob,3809,463,0.12155421370438435,sens80,0.12962545567680378,371,1816,92,1530,0.8012958963282938,0.4572624028690974,0.16963877457704618,0.9432799013563502,47.67655552638488,57.41664478865844
brown_2019,DCLP3,toto,prob,3809,463,0.12155421370438435,youden,0.16098231158043153,296,1140,167,2206,0.6393088552915767,0.6592946802151823,0.20612813370473537,0.9296249473240624,29.929115253347334,37.700183775269096
brown_2019,DCLP3,patchtst,prob,3809,463,0.12155421370438435,sens90,0.1,463,3346,0,0,1.0,0.0,0.12155421370438435,,87.84457862956157,100.0
brown_2019,DCLP3,patchtst,prob,3809,463,0.12155421370438435,sens80,0.1,463,3346,0,0,1.0,0.0,0.12155421370438435,,87.84457862956157,100.0
brown_2019,DCLP3,patchtst,prob,3809,463,0.12155421370438435,youden,0.10083269891611808,295,983,168,2363,0.6371490280777538,0.706216377764495,0.23082942097026604,0.9336230738838404,25.80729850354424,33.55211341559465
brown_2019,DCLP3,tft,prob,3809,463,0.12155421370438435,sens90,0.1,463,3346,0,0,1.0,0.0,0.12155421370438435,,87.84457862956157,100.0
brown_2019,DCLP3,tft,prob,3809,463,0.12155421370438435,sens80,0.1,463,3346,0,0,1.0,0.0,0.12155421370438435,,87.84457862956157,100.0
brown_2019,DCLP3,tft,prob,3809,463,0.12155421370438435,youden,0.10168660172170306,162,233,301,3113,0.34989200863930886,0.9303646144650328,0.41012658227848103,0.9118336262448741,6.117091100026253,10.370175899186139
brown_2019,DCLP3,deepar,prob,3809,463,0.12155421370438435,sens90,0.13231854427321507,417,2649,46,697,0.9006479481641468,0.20830842797369994,0.1360078277886497,0.9380888290713324,69.54581254922552,80.49356786558151
brown_2019,DCLP3,deepar,prob,3809,463,0.12155421370438435,sens80,0.14696078348894864,371,2111,92,1235,0.8012958963282938,0.3690974297668858,0.14947622884770345,0.9306706857573473,55.42137043843528,65.16145970070885
brown_2019,DCLP3,deepar,prob,3809,463,0.12155421370438435,youden,0.19453973394630097,255,876,208,2470,0.550755939524838,0.7381948595337716,0.22546419098143236,0.9223300970873787,22.998162247309004,29.69283276450512
lynch_2022,IOBP2,chronos2,prob,2928,597,0.2038934426229508,sens90,0.1,597,2331,0,0,1.0,0.0,0.2038934426229508,,79.61065573770492,100.0
lynch_2022,IOBP2,chronos2,prob,2928,597,0.2038934426229508,sens80,0.1,597,2331,0,0,1.0,0.0,0.2038934426229508,,79.61065573770492,100.0
lynch_2022,IOBP2,chronos2,prob,2928,597,0.2038934426229508,youden,0.11019554116328306,218,172,379,2159,0.36515912897822445,0.9262119262119262,0.558974358974359,0.8506698187549251,5.8743169398907105,13.319672131147541
lynch_2022,IOBP2,moirai,prob,2928,597,0.2038934426229508,sens90,0.1,597,2331,0,0,1.0,0.0,0.2038934426229508,,79.61065573770492,100.0
lynch_2022,IOBP2,moirai,prob,2928,597,0.2038934426229508,sens80,0.10671626170800173,478,1256,119,1075,0.8006700167504187,0.46117546117546115,0.27566320645905423,0.9003350083752094,42.89617486338798,59.221311475409834
lynch_2022,IOBP2,moirai,prob,2928,597,0.2038934426229508,youden,0.17015740770619475,325,552,272,1779,0.5443886097152428,0.7631917631917632,0.37058152793614596,0.8673817649926865,18.852459016393443,29.952185792349727
lynch_2022,IOBP2,toto,prob,2928,597,0.2038934426229508,sens90,0.11965202436057606,538,1701,59,630,0.9011725293132329,0.2702702702702703,0.24028584189370256,0.9143686502177069,58.09426229508197,76.46857923497268
lynch_2022,IOBP2,toto,prob,2928,597,0.2038934426229508,sens80,0.14230179302753238,478,1321,119,1010,0.8006700167504187,0.43329043329043326,0.26570316842690384,0.8945969884853853,45.11612021857923,61.44125683060109
lynch_2022,IOBP2,toto,prob,2928,597,0.2038934426229508,youden,0.16627687046829737,400,885,197,1446,0.6700167504187605,0.6203346203346203,0.311284046692607,0.8800973828362751,30.225409836065573,43.88661202185792
lynch_2022,IOBP2,patchtst,prob,2928,597,0.2038934426229508,sens90,0.1,597,2331,0,0,1.0,0.0,0.2038934426229508,,79.61065573770492,100.0
lynch_2022,IOBP2,patchtst,prob,2928,597,0.2038934426229508,sens80,0.1,597,2331,0,0,1.0,0.0,0.2038934426229508,,79.61065573770492,100.0
lynch_2022,IOBP2,patchtst,prob,2928,597,0.2038934426229508,youden,0.10633404385112626,337,646,260,1685,0.5644891122278057,0.7228657228657228,0.34282807731434384,0.8663239074550129,22.062841530054644,33.572404371584696
lynch_2022,IOBP2,tft,prob,2928,597,0.2038934426229508,sens90,0.1,597,2331,0,0,1.0,0.0,0.2038934426229508,,79.61065573770492,100.0
lynch_2022,IOBP2,tft,prob,2928,597,0.2038934426229508,sens80,0.1,597,2331,0,0,1.0,0.0,0.2038934426229508,,79.61065573770492,100.0
lynch_2022,IOBP2,tft,prob,2928,597,0.2038934426229508,youden,0.10070526774460628,173,155,424,2176,0.2897822445561139,0.9335049335049335,0.5274390243902439,0.8369230769230769,5.293715846994536,11.202185792349727
lynch_2022,IOBP2,deepar,prob,2928,597,0.2038934426229508,sens90,0.1,597,2331,0,0,1.0,0.0,0.2038934426229508,,79.61065573770492,100.0
lynch_2022,IOBP2,deepar,prob,2928,597,0.2038934426229508,sens80,0.1,597,2331,0,0,1.0,0.0,0.2038934426229508,,79.61065573770492,100.0
lynch_2022,IOBP2,deepar,prob,2928,597,0.2038934426229508,youden,0.1939165369336014,172,231,425,2100,0.288107202680067,0.9009009009009009,0.4267990074441687,0.8316831683168316,7.889344262295082,13.763661202185792
tamborlane_2008,Tamborlane,chronos2,prob,10782,4152,0.3850862548692265,sens90,0.1,4152,6630,0,0,1.0,0.0,0.3850862548692265,,61.49137451307735,100.0
tamborlane_2008,Tamborlane,chronos2,prob,10782,4152,0.3850862548692265,sens80,0.1,4152,6630,0,0,1.0,0.0,0.3850862548692265,,61.49137451307735,100.0
tamborlane_2008,Tamborlane,chronos2,prob,10782,4152,0.3850862548692265,youden,0.10032689542751996,1836,1102,2316,5528,0.4421965317919075,0.8337858220211162,0.6249149081007488,0.704742478327384,10.220738267482842,27.249118901873494
tamborlane_2008,Tamborlane,moirai,prob,10782,4152,0.3850862548692265,sens90,0.1,4152,6630,0,0,1.0,0.0,0.3850862548692265,,61.49137451307735,100.0
tamborlane_2008,Tamborlane,moirai,prob,10782,4152,0.3850862548692265,sens80,0.1,4152,6630,0,0,1.0,0.0,0.3850862548692265,,61.49137451307735,100.0
tamborlane_2008,Tamborlane,moirai,prob,10782,4152,0.3850862548692265,youden,0.13879563798539765,2478,2159,1674,4471,0.596820809248555,0.6743589743589744,0.5343972395945654,0.7275834011391376,20.02411426451493,43.006863290669635
tamborlane_2008,Tamborlane,toto,prob,10782,4152,0.3850862548692265,sens90,0.10669678309167631,3737,4921,415,1709,0.9000481695568401,0.2577677224736048,0.43162393162393164,0.8046139359698682,45.640882953069934,80.30050083472455
tamborlane_2008,Tamborlane,toto,prob,10782,4152,0.3850862548692265,sens80,0.13566603008688294,3322,3956,830,2674,0.8000963391136802,0.4033182503770739,0.4564440780434185,0.7631278538812786,36.6907809311816,67.50139120756818
tamborlane_2008,Tamborlane,toto,prob,10782,4152,0.3850862548692265,youden,0.18637292040872722,2483,2266,1669,4364,0.5980250481695568,0.6582202111613876,0.5228469151400295,0.7233548814851649,21.016508996475608,44.04563160823595
tamborlane_2008,Tamborlane,patchtst,prob,10782,4152,0.3850862548692265,sens90,0.1,4152,6630,0,0,1.0,0.0,0.3850862548692265,,61.49137451307735,100.0
tamborlane_2008,Tamborlane,patchtst,prob,10782,4152,0.3850862548692265,sens80,0.1,4152,6630,0,0,1.0,0.0,0.3850862548692265,,61.49137451307735,100.0
tamborlane_2008,Tamborlane,patchtst,prob,10782,4152,0.3850862548692265,youden,0.11146480646887572,2659,2370,1493,4260,0.6404142581888247,0.6425339366515838,0.5287333465897793,0.740483226142882,21.9810795770729,46.642552402151736
tamborlane_2008,Tamborlane,tft,prob,10782,4152,0.3850862548692265,sens90,0.1,4152,6630,0,0,1.0,0.0,0.3850862548692265,,61.49137451307735,100.0
tamborlane_2008,Tamborlane,tft,prob,10782,4152,0.3850862548692265,sens80,0.1,4152,6630,0,0,1.0,0.0,0.3850862548692265,,61.49137451307735,100.0
tamborlane_2008,Tamborlane,tft,prob,10782,4152,0.3850862548692265,youden,0.105433619389872,1719,1210,2433,5420,0.41401734104046245,0.8174962292609351,0.5868897234551042,0.6901820960142621,11.222407716564645,27.16564644778334
tamborlane_2008,Tamborlane,deepar,prob,10782,4152,0.3850862548692265,sens90,0.1,4152,6630,0,0,1.0,0.0,0.3850862548692265,,61.49137451307735,100.0
tamborlane_2008,Tamborlane,deepar,prob,10782,4152,0.3850862548692265,sens80,0.11927181570396861,3322,4274,830,2356,0.8000963391136802,0.35535444947209655,0.43733543970510796,0.7394852479598242,39.64014097570024,70.45075125208682
tamborlane_2008,Tamborlane,deepar,prob,10782,4152,0.3850862548692265,youden,0.18879607641818202,1968,1687,2184,4943,0.47398843930635837,0.7455505279034691,0.5384404924760602,0.693559702539638,15.646447783342609,33.899091077722126
