dataset,dataset_label,model,score,n,n_hypo,base_rate,operating_point,thr,tp,fp,fn,tn,sens,spec,ppv,npv,fp_per100,alarms_per100,ppv_lo,ppv_hi,fp_per100_lo,fp_per100_hi,spec_lo,spec_hi
aleppo_2017,Replace-BG,chronos2,point,4243,1047,0.2467593683714353,sens90,-7.909294605255127,943,2150,104,1046,0.9006685768863419,0.32728410513141426,0.30488199159392176,0.9095652173913044,50.67169455573887,72.8965354701862,0.28242125012318664,0.3252893585613154,47.48821588498704,55.19738392646712,0.2687151727501772,0.3677945230518953
aleppo_2017,Replace-BG,chronos2,point,4243,1047,0.2467593683714353,sens80,-7.146797180175781,838,1564,209,1632,0.8003820439350525,0.5106382978723404,0.3488759367194005,0.88647474198805,36.860711760546785,56.61088852227198,0.32547146606966504,0.38129792701730336,32.664977610181474,39.854466179589906,0.4731846405787868,0.5647714270636512
aleppo_2017,Replace-BG,chronos2,point,4243,1047,0.2467593683714353,youden,-5.772731304168701,564,501,483,2695,0.5386819484240688,0.8432415519399249,0.5295774647887324,0.8480176211453745,11.807683242988452,25.10016497761018,,,,,,
aleppo_2017,Replace-BG,moirai,point,4243,1047,0.2467593683714353,sens90,-7.396749973297119,943,2163,104,1033,0.9006685768863419,0.3232165206508135,0.3036059240180296,0.9085312225153914,50.97808154607589,73.20292246052321,0.2847044144837917,0.3272815906051302,46.78293660146123,54.13740278105114,0.28460451015124677,0.3774446877809399
aleppo_2017,Replace-BG,moirai,point,4243,1047,0.2467593683714353,sens80,-6.763522148132324,838,1567,209,1629,0.8003820439350525,0.5096996245306633,0.34844074844074846,0.8862894450489662,36.93141645062456,56.68159321234975,0.3212436235682699,0.37455239618094177,33.74911619137403,40.86731086495404,0.45801945553055007,0.5500629824811447
aleppo_2017,Replace-BG,moirai,point,4243,1047,0.2467593683714353,youden,-5.826091289520264,617,690,430,2506,0.5893027698185291,0.7841051314142679,0.4720734506503443,0.853542234332425,16.262078717888286,30.803676643884046,,,,,,
aleppo_2017,Replace-BG,toto,point,4243,1047,0.2467593683714353,sens90,-8.402520179748535,943,2309,104,887,0.9006685768863419,0.27753441802252815,0.28997539975399755,0.8950554994954592,54.419043129860945,76.64388404430827,0.26670347974827946,0.30854808509559417,51.70810747112892,59.6046429413151,0.210998751105661,0.3093285513188271
aleppo_2017,Replace-BG,toto,point,4243,1047,0.2467593683714353,sens80,-7.388245582580566,838,1749,209,1447,0.8003820439350525,0.4527534418022528,0.3239273289524546,0.873792270531401,41.22083431534292,60.97101107706811,0.2999898034853541,0.3536035637576739,36.53075654018383,44.8273627150601,0.40723272803690447,0.5146927654554752
aleppo_2017,Replace-BG,toto,point,4243,1047,0.2467593683714353,youden,-5.915231227874756,625,753,422,2443,0.5969436485195797,0.7643929912390488,0.45355587808417996,0.8527050610820245,17.746877209521564,32.47702097572472,,,,,,
aleppo_2017,Replace-BG,patchtst,point,4243,1047,0.2467593683714353,sens90,-8.389892578125,943,2214,104,982,0.9006685768863419,0.3072590738423029,0.2987012987012987,0.9042357274401474,52.18006127739807,74.4049021918454,0.2802161222615768,0.3194154956425314,48.998350223898186,55.43306622672637,0.2654454209449849,0.34842705499308685
aleppo_2017,Replace-BG,patchtst,point,4243,1047,0.2467593683714353,sens80,-7.69363260269165,838,1594,209,1602,0.8003820439350525,0.5012515644555695,0.34457236842105265,0.8845941468801767,37.56775866132453,57.31793542304973,0.32098243735230514,0.37022645767793283,34.52686778222955,40.77362715060099,0.4583190339222973,0.5425969818862714
aleppo_2017,Replace-BG,patchtst,point,4243,1047,0.2467593683714353,youden,-6.789485454559326,672,889,375,2307,0.6418338108882522,0.7218397997496871,0.4304932735426009,0.860178970917226,20.952156493047372,36.79000707046901,,,,,,
aleppo_2017,Replace-BG,tft,point,4243,1047,0.2467593683714353,sens90,-8.028549194335938,943,2212,104,984,0.9006685768863419,0.3078848560700876,0.2988906497622821,0.9044117647058824,52.132924817346215,74.35776573179355,0.2808090557280644,0.3207466562372274,48.73851048786236,55.196794720716476,0.2698254826483917,0.35179802517954345
aleppo_2017,Replace-BG,tft,point,4243,1047,0.2467593683714353,sens80,-7.195416450500488,838,1494,209,1702,0.8003820439350525,0.532540675844806,0.35934819897084047,0.8906331763474621,35.210935658732026,54.961112420457226,0.3356965765886594,0.3818432810824169,32.924228140466646,38.03912326184304,0.49701949310923976,0.5606092377644101
aleppo_2017,Replace-BG,tft,point,4243,1047,0.2467593683714353,youden,-6.241302967071533,636,741,411,2455,0.6074498567335244,0.7681476846057572,0.46187363834422657,0.8565945568736916,17.464058449210466,32.4534527456988,,,,,,
aleppo_2017,Replace-BG,ttm,point,4243,1047,0.2467593683714353,sens90,-8.522970854236178,943,2232,104,964,0.9006685768863419,0.3016270337922403,0.297007874015748,0.9026217228464419,52.60428941786472,74.82913033231205,0.278840734102863,0.3183772938015691,49.092033938251234,55.62161206693377,0.2632839297295554,0.3476384284982884
aleppo_2017,Replace-BG,ttm,point,4243,1047,0.2467593683714353,sens80,-7.734970593776044,838,1605,209,1591,0.8003820439350525,0.4978097622027534,0.34302087597216535,0.8838888888888888,37.82700919160971,57.577185953334904,0.32134247881198147,0.3666177907756935,35.18618901720481,40.44426113598868,0.4626524615978718,0.5317341893504756
aleppo_2017,Replace-BG,ttm,point,4243,1047,0.2467593683714353,youden,-6.675924187077641,646,816,401,2380,0.6170009551098377,0.7446808510638298,0.4418604651162791,0.8558072635742539,19.231675701154842,34.456752297902426,,,,,,
aleppo_2017,Replace-BG,deepar,point,4243,1047,0.2467593683714353,sens90,-7.402948617935181,943,2249,104,947,0.9006685768863419,0.29630788485607007,0.29542606516290726,0.90104662226451,53.00494932830544,75.22979024275277,0.2788316655055474,0.3158090175953079,49.77610181475371,55.45663445675229,0.2654846286121713,0.3375584518129542
aleppo_2017,Replace-BG,deepar,point,4243,1047,0.2467593683714353,sens80,-6.911951541900635,838,1692,209,1504,0.8003820439350525,0.47058823529411764,0.3312252964426877,0.8779918272037361,39.87744520386519,59.627621965590386,0.3078058419957145,0.3612604810336727,35.63457459344803,43.059156257365075,0.4277647347688742,0.5265986276756033
aleppo_2017,Replace-BG,deepar,point,4243,1047,0.2467593683714353,youden,-6.038886547088623,648,771,399,2425,0.6189111747851003,0.7587609511889862,0.45665961945031713,0.8587110481586402,18.171105349988217,33.44331840678765,,,,,,
brown_2019,DCLP3,chronos2,point,3809,463,0.12155421370438435,sens90,-8.029291152954102,417,2502,46,844,0.9006479481641468,0.2522414823670054,0.14285714285714285,0.9483146067415731,65.686531898136,76.63428721449199,0.12724239590110603,0.1563498559437879,63.21803622998162,71.17419270149645,0.18932949899552393,0.2779125223390364
brown_2019,DCLP3,chronos2,point,3809,463,0.12155421370438435,sens80,-7.3926801681518555,371,2001,92,1345,0.8012958963282938,0.40197250448296473,0.1564080944350759,0.9359777313848295,52.53347335258598,62.27356261485954,0.13888834251245738,0.1772799740297215,46.41638225255973,58.808086111840375,0.33055353707173046,0.4705098548853503
brown_2019,DCLP3,chronos2,point,3809,463,0.12155421370438435,youden,-6.161466598510742,242,708,221,2638,0.5226781857451404,0.7884040645546921,0.25473684210526315,0.9227002448408534,18.587555788920977,24.940929377789445,,,,,,
brown_2019,DCLP3,moirai,point,3809,463,0.12155421370438435,sens90,-7.841248273849487,417,2553,46,793,0.9006479481641468,0.2369994022713688,0.1404040404040404,0.9451728247914184,67.02546600157521,77.97322131793122,0.12932339016316563,0.1580775628689781,60.43580992386453,69.51955893935416,0.20915565443308934,0.31054459188345873
brown_2019,DCLP3,moirai,point,3809,463,0.12155421370438435,sens80,-7.189451456069946,371,1982,92,1364,0.8012958963282938,0.40765092647937834,0.1576710582235444,0.9368131868131868,52.03465476503019,61.774744027303754,0.14078793647730048,0.17517769622636953,47.282751378314515,56.970333420845364,0.35248147200207736,0.45995688447654154
brown_2019,DCLP3,moirai,point,3809,463,0.12155421370438435,youden,-5.9125776290893555,214,559,249,2787,0.46220302375809935,0.832934847579199,0.276843467011643,0.9179841897233202,14.675767918088738,20.294040430559203,,,,,,
brown_2019,DCLP3,toto,point,3809,463,0.12155421370438435,sens90,-7.399097442626953,417,2361,46,985,0.9006479481641468,0.2943813508667065,0.15010799136069114,0.9553831231813773,61.984772906274614,72.93252822263061,0.13307624505742646,0.1630731754082055,59.463770018377524,67.60304541874508,0.23141018770204339,0.3225261460623302
brown_2019,DCLP3,toto,point,3809,463,0.12155421370438435,sens80,-6.9467737674713135,371,1904,92,1442,0.8012958963282938,0.4309623430962343,0.16307692307692306,0.940026075619296,49.98687319506432,59.72696245733788,0.14451871073600056,0.18260427874539933,44.99868731950643,55.81583092675242,0.3664675549239271,0.4871681219969116
brown_2019,DCLP3,toto,point,3809,463,0.12155421370438435,youden,-6.181679010391235,260,928,203,2418,0.5615550755939525,0.7226539151225344,0.21885521885521886,0.9225486455551316,24.363349960619587,31.189288527172486,,,,,,
brown_2019,DCLP3,patchtst,point,3809,463,0.12155421370438435,sens90,-8.495882987976074,417,2463,46,883,0.9006479481641468,0.2638971906754334,0.14479166666666668,0.9504843918191603,64.66264111315306,75.61039642950905,0.13068469566029844,0.16102828321248436,59.85823050669467,69.67839327907586,0.20647037886079928,0.3189795934690874
brown_2019,DCLP3,patchtst,point,3809,463,0.12155421370438435,sens80,-7.964097023010254,371,1940,92,1406,0.8012958963282938,0.4202032277346085,0.160536564257897,0.9385847797062751,50.93200315043318,60.672092412706746,0.14350045653003968,0.1770908456702216,47.57154108689945,55.868338146495134,0.3641151921005876,0.4571528850310185
brown_2019,DCLP3,patchtst,point,3809,463,0.12155421370438435,youden,-6.223488807678223,202,505,261,2841,0.43628509719222464,0.8490735206216378,0.2857142857142857,0.9158607350096711,13.258072985035442,18.56130217904962,,,,,,
brown_2019,DCLP3,tft,point,3809,463,0.12155421370438435,sens90,-8.065290451049805,417,2619,46,727,0.9006479481641468,0.21727435744172147,0.1373517786561265,0.9404915912031048,68.7582042530848,79.7059595694408,0.1256394199077126,0.15488987078404776,61.826594906799684,71.96180099763717,0.18110522017569267,0.2943305553451019
brown_2019,DCLP3,tft,point,3809,463,0.12155421370438435,sens80,-7.255925178527832,371,1966,92,1380,0.8012958963282938,0.41243275552898984,0.15875053487376978,0.9375,51.61459700708848,61.354686269362034,0.13938342798782544,0.1775672277846131,47.07140981885009,57.75794171698609,0.3420970878977656,0.46370487983489783
brown_2019,DCLP3,tft,point,3809,463,0.12155421370438435,youden,-6.076752185821533,227,665,236,2681,0.490280777537797,0.801255230125523,0.25448430493273544,0.9190949605759342,17.45865056445261,23.41822000525072,,,,,,
brown_2019,DCLP3,ttm,point,3809,463,0.12155421370438435,sens90,-8.79462797413856,417,2503,46,843,0.9006479481641468,0.25194261805140467,0.1428082191780822,0.9482564679415073,65.71278550800736,76.66054082436335,0.12891076119124076,0.15700185566959768,62.16854817537411,69.62522971908636,0.20917394403169584,0.29120098597202326
brown_2019,DCLP3,ttm,point,3809,463,0.12155421370438435,sens80,-8.171475504910092,371,2069,92,1277,0.8012958963282938,0.38164973102211597,0.15204918032786885,0.9327976625273923,54.318718823838275,64.05880808611184,0.13671680402348516,0.1687000773917012,49.74993436597532,59.018114990811235,0.32789746695455263,0.4339347993283014
brown_2019,DCLP3,ttm,point,3809,463,0.12155421370438435,youden,-6.652717768382409,226,700,237,2646,0.48812095032397407,0.7907949790794979,0.24406047516198703,0.9177939646201873,18.377526909950117,24.310842740876872,,,,,,
brown_2019,DCLP3,deepar,point,3809,463,0.12155421370438435,sens90,-7.657867908477783,417,2675,46,671,0.9006479481641468,0.20053795576808128,0.13486416558861578,0.9358437935843794,70.2284064058808,81.17616172223681,0.122616163421618,0.15072506261529464,63.979390916250985,74.48214754528748,0.1524735215751583,0.27075984748936316
brown_2019,DCLP3,deepar,point,3809,463,0.12155421370438435,sens80,-7.0676305294036865,371,2085,92,1261,0.8012958963282938,0.37686790197250447,0.15105863192182412,0.9320029563932003,54.738776581779995,64.47886584405356,0.13446531551744195,0.16901423989657272,49.750590706222106,59.64885796797059,0.3223026808719773,0.43333383594692404
brown_2019,DCLP3,deepar,point,3809,463,0.12155421370438435,youden,-6.0541651248931885,256,916,207,2430,0.5529157667386609,0.726240286909743,0.21843003412969283,0.9215017064846417,24.048306642163297,30.76923076923077,,,,,,
lynch_2022,IOBP2,chronos2,point,2928,597,0.2038934426229508,sens90,-7.52104377746582,538,1913,59,418,0.9011725293132329,0.1793221793221793,0.21950224398204815,0.8763102725366876,65.3346994535519,83.70901639344262,0.20324792885696077,0.24010183644791883,60.86065573770492,68.51178278688523,0.1413257500427803,0.23421647461002568
lynch_2022,IOBP2,chronos2,point,2928,597,0.2038934426229508,sens80,-6.986886024475098,478,1461,119,870,0.8006700167504187,0.3732303732303732,0.24651882413615264,0.8796764408493428,49.89754098360656,66.22267759562841,0.22243176445304105,0.271554739603637,44.84289617486339,54.40573770491803,0.31897557220718387,0.43571670822870084
lynch_2022,IOBP2,chronos2,point,2928,597,0.2038934426229508,youden,-5.921651840209961,283,498,314,1833,0.474036850921273,0.7863577863577863,0.36235595390524966,0.8537494177922683,17.008196721311474,26.67349726775956,,,,,,
lynch_2022,IOBP2,moirai,point,2928,597,0.2038934426229508,sens90,-6.870799541473389,538,1924,59,407,0.9011725293132329,0.1746031746031746,0.21852152721364745,0.8733905579399142,65.7103825136612,84.0846994535519,0.20234067477455236,0.23688716027190906,62.22677595628415,68.64839480874316,0.1394261953433146,0.21519633790536358
lynch_2022,IOBP2,moirai,point,2928,597,0.2038934426229508,sens80,-6.543107032775879,478,1616,119,715,0.8006700167504187,0.30673530673530675,0.2282712511938873,0.8573141486810552,55.19125683060109,71.51639344262296,0.20918072363080292,0.25284959066712914,49.931693989071036,59.08469945355191,0.2598786247387024,0.37191605567993263
lynch_2022,IOBP2,moirai,point,2928,597,0.2038934426229508,youden,-5.668631315231323,294,553,303,1778,0.49246231155778897,0.7627627627627628,0.34710743801652894,0.8543969245555022,18.886612021857925,28.9275956284153,,,,,,
lynch_2022,IOBP2,toto,point,2928,597,0.2038934426229508,sens90,-7.486645698547363,538,1961,59,370,0.9011725293132329,0.15873015873015872,0.2152861144457783,0.8624708624708625,66.97404371584699,85.34836065573771,0.1982227996501614,0.231980531257246,64.07103825136612,70.42435109289616,0.11827334103799968,0.19350738502218412
lynch_2022,IOBP2,toto,point,2928,597,0.2038934426229508,sens80,-7.063957452774048,478,1606,119,725,0.8006700167504187,0.311025311025311,0.22936660268714013,0.8590047393364929,54.849726775956285,71.17486338797814,0.21059674426294167,0.2538165620584756,49.76007513661202,58.60655737704918,0.2631774758883579,0.37721658217329407
lynch_2022,IOBP2,toto,point,2928,597,0.2038934426229508,youden,-6.0578179359436035,262,534,335,1797,0.4388609715242881,0.7709137709137709,0.32914572864321606,0.8428705440900562,18.237704918032787,27.185792349726775,,,,,,
lynch_2022,IOBP2,patchtst,point,2928,597,0.2038934426229508,sens90,-8.666068077087402,538,2084,59,247,0.9011725293132329,0.10596310596310596,0.2051868802440885,0.8071895424836601,71.17486338797814,89.54918032786885,0.18971058895192455,0.22087855819023633,68.64754098360656,73.90710382513662,0.07685769352343708,0.13365934519863693
lynch_2022,IOBP2,patchtst,point,2928,597,0.2038934426229508,sens80,-8.251800537109375,478,1752,119,579,0.8006700167504187,0.2483912483912484,0.21434977578475337,0.829512893982808,59.83606557377049,76.16120218579235,0.1954307427504522,0.23349442338211954,56.181693989071036,64.44672131147541,0.1923816704025475,0.2936350521717716
lynch_2022,IOBP2,patchtst,point,2928,597,0.2038934426229508,youden,-4.806092262268066,110,76,487,2255,0.18425460636515914,0.9673959673959674,0.5913978494623656,0.8223924142961342,2.5956284153005464,6.352459016393443,,,,,,
lynch_2022,IOBP2,tft,point,2928,597,0.2038934426229508,sens90,-7.634076118469238,538,1983,59,348,0.9011725293132329,0.1492921492921493,0.21340737802459342,0.855036855036855,67.72540983606558,86.09972677595628,0.1973631832957642,0.23274361978396402,62.49914617486339,70.69842896174863,0.11564476929125415,0.21089907751985326
lynch_2022,IOBP2,tft,point,2928,597,0.2038934426229508,sens80,-7.137951850891113,478,1499,119,832,0.8006700167504187,0.35692835692835695,0.24178047546788062,0.8748685594111462,51.19535519125683,67.52049180327869,0.22100843815196802,0.2640261055928172,47.06284153005465,55.56693989071038,0.3037107915035294,0.40853582736206134
lynch_2022,IOBP2,tft,point,2928,597,0.2038934426229508,youden,-6.592312335968018,351,847,246,1484,0.5879396984924623,0.6366366366366366,0.2929883138564274,0.8578034682080925,28.9275956284153,40.91530054644809,,,,,,
lynch_2022,IOBP2,ttm,point,2928,597,0.2038934426229508,sens90,-9.071536738615265,538,2130,59,201,0.9011725293132329,0.08622908622908623,0.20164917541229385,0.7730769230769231,72.74590163934427,91.12021857923497,0.18607179224250536,0.2169022135009447,70.28688524590164,76.19620901639344,0.044909565848880575,0.11327339274435792
lynch_2022,IOBP2,ttm,point,2928,597,0.2038934426229508,sens80,-8.483731502928839,478,1856,119,475,0.8006700167504187,0.20377520377520378,0.20479862896315337,0.7996632996632996,63.387978142076506,79.71311475409836,0.18862238957531421,0.22335000047779677,59.2896174863388,66.80413251366119,0.16260191981931113,0.2542100310480149
lynch_2022,IOBP2,ttm,point,2928,597,0.2038934426229508,youden,-5.539165866877633,132,148,465,2183,0.22110552763819097,0.9365079365079365,0.4714285714285714,0.8243957703927492,5.054644808743169,9.562841530054644,,,,,,
lynch_2022,IOBP2,deepar,point,2928,597,0.2038934426229508,sens90,-8.312105655670166,538,2053,59,278,0.9011725293132329,0.11926211926211926,0.2076418371285218,0.8249258160237388,70.11612021857924,88.49043715846994,0.1919834859656237,0.22635666836233703,65.67622950819673,73.12158469945355,0.08557458522156854,0.17515265221142665
lynch_2022,IOBP2,deepar,point,2928,597,0.2038934426229508,sens80,-7.602397918701172,478,1694,119,637,0.8006700167504187,0.2732732732732733,0.22007366482504603,0.8425925925925926,57.8551912568306,74.18032786885246,0.20326673137946386,0.24040917730238118,54.03005464480874,61.13387978142077,0.2333226495726496,0.32015812170191815
lynch_2022,IOBP2,deepar,point,2928,597,0.2038934426229508,youden,-5.021341323852539,149,138,448,2193,0.24958123953098826,0.9407979407979408,0.519163763066202,0.830367285119273,4.713114754098361,9.801912568306012,,,,,,
tamborlane_2008,Tamborlane,chronos2,point,10782,4152,0.3850862548692265,sens90,-8.752483367919922,3737,5019,415,1611,0.9000481695568401,0.2429864253393665,0.4267930561900411,0.7951628825271471,46.54980523094046,81.20942311259506,0.4158437507267949,0.43919998401036636,44.93600445186422,47.83922277870525,0.22568570734626783,0.2650281784924905
tamborlane_2008,Tamborlane,chronos2,point,10782,4152,0.3850862548692265,sens80,-7.830780029296875,3322,3905,830,2725,0.8000963391136802,0.4110105580693816,0.4596651445966514,0.7665260196905767,36.21777035800408,67.02838063439066,0.44649134005308705,0.47310374004809364,34.900528658875906,37.55332962344649,0.39210514487954873,0.42980154172768276
tamborlane_2008,Tamborlane,chronos2,point,10782,4152,0.3850862548692265,youden,-6.525088310241699,2314,2011,1838,4619,0.5573217726396917,0.6966817496229261,0.535028901734104,0.7153476846832895,18.651456130588016,40.11315154887776,,,,,,
tamborlane_2008,Tamborlane,moirai,point,10782,4152,0.3850862548692265,sens90,-7.945071697235107,3737,4988,415,1642,0.9000481695568401,0.24766214177978885,0.42830945558739253,0.7982498784637823,46.2622890001855,80.9219068818401,0.41612089032113636,0.43954154101608356,44.963596735299575,47.87608977926173,0.22483606064164494,0.2650750591146696
tamborlane_2008,Tamborlane,moirai,point,10782,4152,0.3850862548692265,sens80,-7.230614900588989,3322,3932,830,2698,0.8000963391136802,0.40693815987933635,0.4579542321477805,0.7647392290249433,36.46818772027453,67.2787979966611,0.44463985173359966,0.4709332496086941,35.15117788907438,37.84084585420145,0.3868693578038551,0.4262885598712837
tamborlane_2008,Tamborlane,moirai,point,10782,4152,0.3850862548692265,youden,-6.512564659118652,2697,2656,1455,3974,0.6495664739884393,0.5993966817496229,0.5038296282458434,0.7319948425124332,24.633648673715452,49.647560749397144,,,,,,
tamborlane_2008,Tamborlane,toto,point,10782,4152,0.3850862548692265,sens90,-7.449695110321045,3737,4918,415,1712,0.9000481695568401,0.25822021116138766,0.4317735413056037,0.8048895157498824,45.61305880170655,80.27267668336115,0.4215312813504266,0.44426484824036827,44.14742162864032,46.800222593210904,0.24211388283549248,0.2785360190139024
tamborlane_2008,Tamborlane,toto,point,10782,4152,0.3850862548692265,sens80,-6.77660059928894,3322,3798,830,2832,0.8000963391136802,0.4271493212669683,0.4665730337078652,0.7733478973238668,35.22537562604341,66.03598590242997,0.4540499113019924,0.4808235254480931,33.82466147282508,36.57020960860694,0.40766538874069,0.4472172547318641
tamborlane_2008,Tamborlane,toto,point,10782,4152,0.3850862548692265,youden,-6.151147842407227,2661,2471,1491,4159,0.6408959537572254,0.6273001508295626,0.5185113016367888,0.7361061946902655,22.917826006306807,47.597848265627896,,,,,,
tamborlane_2008,Tamborlane,patchtst,point,10782,4152,0.3850862548692265,sens90,-8.755556106567383,3737,5124,415,1506,0.9000481695568401,0.22714932126696832,0.4217356957454012,0.7839666840187403,47.52365052865888,82.18326841031349,0.4113162739796873,0.4332052318294615,46.15099239473196,48.674179187534776,0.2120798520889749,0.24642103361754852
tamborlane_2008,Tamborlane,patchtst,point,10782,4152,0.3850862548692265,sens80,-8.086127281188965,3322,4112,830,2518,0.8000963391136802,0.379788838612368,0.4468657519504977,0.7520908004778972,38.13763680207754,68.9482470784641,0.43429750219870694,0.46153846153846156,36.5238360230013,39.491745501762196,0.3592447553755488,0.40294261172966805
tamborlane_2008,Tamborlane,patchtst,point,10782,4152,0.3850862548692265,youden,-7.5128493309021,2840,3136,1312,3494,0.6840077071290944,0.5269984917043741,0.47523427041499333,0.7270079067831877,29.085512891856798,55.425709515859765,,,,,,
tamborlane_2008,Tamborlane,tft,point,10782,4152,0.3850862548692265,sens90,-8.667540550231934,3737,5199,415,1431,0.9000481695568401,0.2158371040723982,0.41819606087735006,0.7751895991332611,48.21925431274346,82.87887219439807,0.40809395494068823,0.42926509614871966,47.032090521239105,49.29535336672232,0.2026797623101105,0.23107260659534457
tamborlane_2008,Tamborlane,tft,point,10782,4152,0.3850862548692265,sens80,-7.925127983093262,3322,4205,830,2425,0.8000963391136802,0.36576168929110103,0.44134449315796465,0.7450076804915514,39.000185494342425,69.81079577072899,0.42864491928807946,0.4545254623559277,37.54405490632536,40.373075496197366,0.34398362699989926,0.3859997079528241
tamborlane_2008,Tamborlane,tft,point,10782,4152,0.3850862548692265,youden,-6.538188457489014,2103,2012,2049,4618,0.5065028901734104,0.6965309200603318,0.5110571081409477,0.6926653667316635,18.660730847709146,38.16546095344092,,,,,,
tamborlane_2008,Tamborlane,ttm,point,10782,4152,0.3850862548692265,sens90,-9.223728365818719,3737,5157,415,1473,0.9000481695568401,0.22217194570135745,0.4201709017315044,0.7801906779661016,47.8297161936561,82.48933407531071,0.4093063062403059,0.43206136321552396,46.40140975700241,49.03542941940271,0.20593002002271435,0.2411383575653383
tamborlane_2008,Tamborlane,ttm,point,10782,4152,0.3850862548692265,sens80,-8.308442623419147,3322,4093,830,2537,0.8000963391136802,0.3826546003016591,0.4480107889413351,0.7534897534897534,37.96141717677611,68.77202745316268,0.4352621358005817,0.4617989276001589,36.533110740122424,39.380448896308664,0.3623536156706119,0.40254524989174434
tamborlane_2008,Tamborlane,ttm,point,10782,4152,0.3850862548692265,youden,-7.463284999639668,2653,2874,1499,3756,0.6389691714836223,0.5665158371040724,0.4800072371992039,0.7147478591817317,26.655537006121314,51.26136152847338,,,,,,
tamborlane_2008,Tamborlane,deepar,point,10782,4152,0.3850862548692265,sens90,-7.674312353134155,3737,5221,415,1409,0.9000481695568401,0.21251885369532428,0.41716901093994196,0.7724780701754386,48.42329808940827,83.08291597106289,0.40678047176616633,0.4283465006327334,47.22685958078279,49.60118716379151,0.1968995706259061,0.228238659696499
tamborlane_2008,Tamborlane,deepar,point,10782,4152,0.3850862548692265,sens80,-7.105066776275635,3322,4285,830,2345,0.8000963391136802,0.3536953242835596,0.4367030366767451,0.7385826771653543,39.74216286403265,70.55277314041922,0.4241533224909095,0.4493313886652468,38.34168057874235,41.30054720831015,0.3299510160881169,0.37404711556459463
tamborlane_2008,Tamborlane,deepar,point,10782,4152,0.3850862548692265,youden,-5.649618625640869,1857,1527,2295,5103,0.4472543352601156,0.7696832579185521,0.5487588652482269,0.6897810218978102,14.16249304396216,31.385642737896493,,,,,,
