dataset,dataset_label,model,axis,group,n,n_hypo,base_rate,rmse,auroc,auprc
aleppo_2017,Replace-BG,chronos2,sex,F,2263,618,0.27308882015024305,2.5852529247447915,0.7225597820206372,0.5667529054192787
aleppo_2017,Replace-BG,chronos2,sex,M,1980,429,0.21666666666666667,2.6359135154933067,0.6932492609475202,0.4917549273323356
aleppo_2017,Replace-BG,chronos2,age,older(>=43),2572,615,0.2391135303265941,2.4899538340496368,0.7124144721263258,0.5154995306428467
aleppo_2017,Replace-BG,chronos2,age,younger(<43),1671,432,0.2585278276481149,2.7823380612910364,0.7124977580486055,0.5670312233866834
aleppo_2017,Replace-BG,moirai,sex,F,2263,618,0.27308882015024305,2.7087499509712085,0.7362164448510244,0.5841394823485495
aleppo_2017,Replace-BG,moirai,sex,M,1980,429,0.21666666666666667,2.7046786156876723,0.7088771963046625,0.5088597442061127
aleppo_2017,Replace-BG,moirai,age,older(>=43),2572,615,0.2391135303265941,2.5921211816396665,0.7219491423325066,0.5386009564491274
aleppo_2017,Replace-BG,moirai,age,younger(<43),1671,432,0.2585278276481149,2.874507874958325,0.7330816742893014,0.5759810780433284
aleppo_2017,Replace-BG,toto,sex,F,2263,618,0.27308882015024305,2.8395842503263657,0.7307399100933494,0.5909870053624295
aleppo_2017,Replace-BG,toto,sex,M,1980,429,0.21666666666666667,2.892162407409461,0.7170109065660323,0.5176189562481629
aleppo_2017,Replace-BG,toto,age,older(>=43),2572,615,0.2391135303265941,2.751824886999358,0.7120987408136727,0.5295489952811151
aleppo_2017,Replace-BG,toto,age,younger(<43),1671,432,0.2585278276481149,3.0291275492138863,0.7487482438047409,0.6061496963239709
aleppo_2017,Replace-BG,patchtst,sex,F,2263,618,0.27308882015024305,2.712976378188564,0.7436081683241362,0.6042237830234094
aleppo_2017,Replace-BG,patchtst,sex,M,1980,429,0.21666666666666667,2.639321770723783,0.7239197509990548,0.5210933386495414
aleppo_2017,Replace-BG,patchtst,age,older(>=43),2572,615,0.2391135303265941,2.578910245279508,0.7353440432718072,0.5525625838447493
aleppo_2017,Replace-BG,patchtst,age,younger(<43),1671,432,0.2585278276481149,2.825796178292954,0.7408005261112605,0.5970824302142221
aleppo_2017,Replace-BG,tft,sex,F,2263,618,0.27308882015024305,2.62648662953602,0.7100058036021681,0.5633803124086514
aleppo_2017,Replace-BG,tft,sex,M,1980,429,0.21666666666666667,2.6082000242803525,0.6975197594153106,0.49320875612736076
aleppo_2017,Replace-BG,tft,age,older(>=43),2572,615,0.2391135303265941,2.504445625383634,0.6948004038037314,0.5087654636755494
aleppo_2017,Replace-BG,tft,age,younger(<43),1671,432,0.2585278276481149,2.783671576488393,0.7213179684931097,0.5704024165506305
brown_2019,DCLP3,chronos2,sex,F,1626,200,0.12300123001230012,2.1457652608261957,0.6791462131837308,0.3910712421558913
brown_2019,DCLP3,chronos2,sex,M,2183,263,0.12047640861200183,2.6252125376974984,0.6305182588719898,0.31261754498208694
brown_2019,DCLP3,chronos2,age,older(>=28),2358,292,0.12383375742154368,2.2974623246499157,0.6418630402206633,0.3372299868557055
brown_2019,DCLP3,chronos2,age,younger(<28),1451,171,0.11784975878704342,2.6363527759263117,0.6683342470760233,0.36038853077567806
brown_2019,DCLP3,moirai,sex,F,1626,200,0.12300123001230012,2.2443212544811226,0.7644705469845722,0.4229532408478036
brown_2019,DCLP3,moirai,sex,M,2183,263,0.12047640861200183,2.7079631447757557,0.6844027249683142,0.34601187138215916
brown_2019,DCLP3,moirai,age,older(>=28),2358,292,0.12383375742154368,2.380224280677285,0.7258864989590103,0.3873253581645981
brown_2019,DCLP3,moirai,age,younger(<28),1451,171,0.11784975878704342,2.7331380119832556,0.711296144005848,0.35995689267651987
brown_2019,DCLP3,toto,sex,F,1626,200,0.12300123001230012,2.429011569454917,0.7314621318373071,0.40381901547580784
brown_2019,DCLP3,toto,sex,M,2183,263,0.12047640861200183,2.852278213884978,0.6933489781368822,0.35027458251794996
brown_2019,DCLP3,toto,age,older(>=28),2358,292,0.12383375742154368,2.5064333057581605,0.6922631913962525,0.3553966753027198
brown_2019,DCLP3,toto,age,younger(<28),1451,171,0.11784975878704342,2.939768513379531,0.739498812134503,0.40339402701632754
brown_2019,DCLP3,patchtst,sex,F,1626,200,0.12300123001230012,2.2452954498234314,0.7253699158485273,0.406776370487578
brown_2019,DCLP3,patchtst,sex,M,2183,263,0.12047640861200183,2.6362276773583977,0.6910874128643852,0.35498900826554414
brown_2019,DCLP3,patchtst,age,older(>=28),2358,292,0.12383375742154368,2.349470805380923,0.7085361163786815,0.3681462606135715
brown_2019,DCLP3,patchtst,age,younger(<28),1451,171,0.11784975878704342,2.6710581144532535,0.7030381944444445,0.39444619948614656
brown_2019,DCLP3,tft,sex,F,1626,200,0.12300123001230012,2.17586304880346,0.671711079943899,0.38542425774204897
brown_2019,DCLP3,tft,sex,M,2183,263,0.12047640861200183,2.700293208725902,0.6255168726235741,0.309830539285656
brown_2019,DCLP3,tft,age,older(>=28),2358,292,0.12383375742154368,2.3298285415014353,0.6362602607115861,0.33069100242856164
brown_2019,DCLP3,tft,age,younger(<28),1451,171,0.11784975878704342,2.730253488668313,0.6614012244152047,0.3542580187202734
lynch_2022,IOBP2,chronos2,sex,F,1463,258,0.17634996582365003,2.0411138770279105,0.6435169995818456,0.3850810066371181
lynch_2022,IOBP2,chronos2,sex,M,1465,339,0.23139931740614333,2.4377130663195588,0.6516999638472784,0.4464207959803174
lynch_2022,IOBP2,chronos2,age,older(>=31),1707,381,0.22319859402460457,2.0110352709058064,0.6565064547926984,0.4454795571809891
lynch_2022,IOBP2,chronos2,age,younger(<31),1221,216,0.1769041769041769,2.543189038693969,0.6370070941588355,0.3741519851236269
lynch_2022,IOBP2,moirai,sex,F,1463,258,0.17634996582365003,2.223307840599155,0.7063173469715976,0.41477645957804643
lynch_2022,IOBP2,moirai,sex,M,1465,339,0.23139931740614333,2.6288411859980148,0.6981758594130685,0.48885403706523495
lynch_2022,IOBP2,moirai,age,older(>=31),1707,381,0.22319859402460457,2.214464431489021,0.7044047378693048,0.48367043879903776
lynch_2022,IOBP2,moirai,age,younger(<31),1221,216,0.1769041769041769,2.7127276357223287,0.7015478164731895,0.4076730372567369
lynch_2022,IOBP2,toto,sex,F,1463,258,0.17634996582365003,2.3652796405344385,0.7015150053073435,0.41906215036472627
lynch_2022,IOBP2,toto,sex,M,1465,339,0.23139931740614333,2.760501405224111,0.6897991690113541,0.47258984440461155
lynch_2022,IOBP2,toto,age,older(>=31),1707,381,0.22319859402460457,2.31335862996898,0.6931192424476353,0.4626432359851787
lynch_2022,IOBP2,toto,age,younger(<31),1221,216,0.1769041769041769,2.8921981638937635,0.702155887230514,0.42515545244425185
lynch_2022,IOBP2,patchtst,sex,F,1463,258,0.17634996582365003,2.255578841990548,0.6795040046318633,0.39335328376862183
lynch_2022,IOBP2,patchtst,sex,M,1465,339,0.23139931740614333,2.632168070436841,0.6607394541462981,0.44143997081886965
lynch_2022,IOBP2,patchtst,age,older(>=31),1707,381,0.22319859402460457,2.2360332480509624,0.6741824127187721,0.44358019341735744
lynch_2022,IOBP2,patchtst,age,younger(<31),1221,216,0.1769041769041769,2.723761547950028,0.6661553344389164,0.38031176860725197
lynch_2022,IOBP2,tft,sex,F,1463,258,0.17634996582365003,2.1675724631125814,0.6037103155456914,0.3386630763881681
lynch_2022,IOBP2,tft,sex,M,1465,339,0.23139931740614333,2.5836786950886186,0.6212674934636927,0.4014865800902344
lynch_2022,IOBP2,tft,age,older(>=31),1707,381,0.22319859402460457,2.1571909648742857,0.614970922752303,0.3915690997541077
lynch_2022,IOBP2,tft,age,younger(<31),1221,216,0.1769041769041769,2.6708135630428433,0.6160862354892206,0.3428480367001761
tamborlane_2008,Tamborlane,chronos2,sex,F,5597,2243,0.400750402001072,3.2498871672148986,0.6459493937409726,0.5777473822411656
tamborlane_2008,Tamborlane,chronos2,sex,M,5185,1909,0.3681774349083896,3.291029524777431,0.6564459782113002,0.5599972961568337
tamborlane_2008,Tamborlane,chronos2,age,older(>=18),7058,2877,0.4076225559648626,3.0568817788633877,0.6492044426609378,0.5869680319090692
tamborlane_2008,Tamborlane,chronos2,age,younger(<18),3724,1275,0.34237379162191195,3.639155950732565,0.6507437209265089,0.5320503232154608
tamborlane_2008,Tamborlane,moirai,sex,F,5597,2243,0.400750402001072,3.325131839168087,0.6799318810977822,0.6075040071322231
tamborlane_2008,Tamborlane,moirai,sex,M,5185,1909,0.3681774349083896,3.3596693272315954,0.6914495855695437,0.6004711114131414
tamborlane_2008,Tamborlane,moirai,age,older(>=18),7058,2877,0.4076225559648626,3.122910911988819,0.6782324694604263,0.6144630087535718
tamborlane_2008,Tamborlane,moirai,age,younger(<18),3724,1275,0.34237379162191195,3.721459165807424,0.6935403806275472,0.5809254999266352
tamborlane_2008,Tamborlane,toto,sex,F,5597,2243,0.400750402001072,3.32748130199228,0.6701755624269077,0.6083948239354924
tamborlane_2008,Tamborlane,toto,sex,M,5185,1909,0.3681774349083896,3.353043672581564,0.6860987507923076,0.5956283424818638
tamborlane_2008,Tamborlane,toto,age,older(>=18),7058,2877,0.4076225559648626,3.1169753474409245,0.6751369657512671,0.6174569867491311
tamborlane_2008,Tamborlane,toto,age,younger(<18),3724,1275,0.34237379162191195,3.7257241347382797,0.6742247736170827,0.5656342219160007
tamborlane_2008,Tamborlane,patchtst,sex,F,5597,2243,0.400750402001072,3.2355610453253827,0.6829241626569749,0.6151272957890193
tamborlane_2008,Tamborlane,patchtst,sex,M,5185,1909,0.3681774349083896,3.245353194376643,0.6875326597039536,0.5993139062632299
tamborlane_2008,Tamborlane,patchtst,age,older(>=18),7058,2877,0.4076225559648626,3.022447478542548,0.6838675581650842,0.6221634675960508
tamborlane_2008,Tamborlane,patchtst,age,younger(<18),3724,1275,0.34237379162191195,3.6173026062005023,0.6809599756603336,0.5758245437855278
tamborlane_2008,Tamborlane,tft,sex,F,5597,2243,0.400750402001072,3.2957797551360057,0.6216818852849294,0.552641553677269
tamborlane_2008,Tamborlane,tft,sex,M,5185,1909,0.3681774349083896,3.337088404012819,0.6404075451351512,0.5478043803085353
tamborlane_2008,Tamborlane,tft,age,older(>=18),7058,2877,0.4076225559648626,3.099599707157957,0.6240720867036996,0.5622681598538751
tamborlane_2008,Tamborlane,tft,age,younger(<18),3724,1275,0.34237379162191195,3.6907384382810364,0.639118968126246,0.5244070865450343
