dataset,dataset_label,model_a,model_b,wilcoxon_stat,p_raw,p_holm,rank_biserial,mean_rmse_diff,significant_holm
aleppo_2017,Replace-BG,chronos2,moirai,4740.0,2.6156319673014878e-15,7.846895901904464e-14,-0.6135502017854959,-0.10329925377494176,True
aleppo_2017,Replace-BG,chronos2,toto,2489.0,9.286487968356281e-25,3.436000548291824e-23,-0.7970730911907382,-0.2653713738550372,True
aleppo_2017,Replace-BG,chronos2,timesfm,7476.0,4.830272396316931e-07,7.245408594475397e-06,-0.39048550813256694,-0.05599550781655793,True
aleppo_2017,Replace-BG,chronos2,patchtst,6692.0,4.719188708648276e-09,8.02262080470207e-08,-0.4544046308752191,-0.08063279230253606,True
aleppo_2017,Replace-BG,chronos2,tft,11557.0,0.4565675242153048,1.0,-0.057763645998940114,-0.007714195822133174,False
aleppo_2017,Replace-BG,chronos2,ttm,3720.0,2.7116010097414385e-19,8.677123231172603e-18,-0.6967102849455791,-0.14936487110130647,True
aleppo_2017,Replace-BG,chronos2,tide,5565.0,1.9077616337422987e-12,5.150956411104206e-11,-0.5462883698177816,-0.1032352758438555,True
aleppo_2017,Replace-BG,chronos2,deepar,3047.0,3.42282968034435e-22,1.1295337945136354e-20,-0.7515796339325751,-0.2444358860649829,True
aleppo_2017,Replace-BG,chronos2,moment,275.0,2.1130907315451443e-36,9.297599218798636e-35,-0.9775793893440953,-0.6536857700450107,True
aleppo_2017,Replace-BG,moirai,toto,5943.0,3.055887281888623e-11,7.028540748343833e-10,-0.5154702213525743,-0.16207212008009542,True
aleppo_2017,Replace-BG,moirai,timesfm,9382.0,0.0024450594461651732,0.02200553501548656,0.23509029391382333,0.047303745958383825,True
aleppo_2017,Replace-BG,moirai,patchtst,10059.0,0.020414059741581374,0.10207029870790688,0.17989482695365047,0.022666461472405697,False
aleppo_2017,Replace-BG,moirai,tft,6154.0,1.3438244556591434e-10,2.9564138024501153e-09,0.4982674982674983,0.09558505795280858,True
aleppo_2017,Replace-BG,moirai,ttm,9608.0,0.005229080020524906,0.03137448012314944,-0.21666462842933432,-0.046065617326364716,True
aleppo_2017,Replace-BG,moirai,tide,11781.0,0.6106642050696293,1.0,0.0395010395010395,6.397793108625649e-05,False
aleppo_2017,Replace-BG,moirai,deepar,6337.0,4.669517584725092e-10,9.805986927922692e-09,-0.48334760099465984,-0.14113663229004114,True
aleppo_2017,Replace-BG,moirai,moment,350.0,5.7217227510771336e-36,2.3459063279416247e-34,-0.9714646773470302,-0.550386516270069,True
aleppo_2017,Replace-BG,toto,timesfm,5388.0,4.935577015217585e-13,1.4313173344130997e-11,0.5607190901308549,0.20937586603847924,True
aleppo_2017,Replace-BG,toto,patchtst,5580.0,2.1360301589921167e-12,5.3400753974802915e-11,0.5450654274183686,0.1847385815525011,True
aleppo_2017,Replace-BG,toto,tft,2905.0,7.85745427762441e-23,2.750108997168543e-21,0.7631568219803514,0.257657178032904,True
aleppo_2017,Replace-BG,toto,ttm,8595.0,0.00011475913668700696,0.0013771096402440835,0.2992540051363581,0.1160065027537307,True
aleppo_2017,Replace-BG,toto,tide,6634.0,3.2641317687477174e-09,6.201850360620664e-08,0.45913334148628265,0.16213609801118167,True
aleppo_2017,Replace-BG,toto,deepar,11508.0,0.42603128636229426,1.0,0.06175859117035588,0.020935487790054275,False
aleppo_2017,Replace-BG,toto,moment,2334.0,1.6930518366201135e-25,6.433596979156431e-24,-0.8097101626513391,-0.38831439618997354,True
aleppo_2017,Replace-BG,timesfm,patchtst,11171.0,0.2500903669172302,1.0,-0.089234030410501,-0.024637284485978128,False
aleppo_2017,Replace-BG,timesfm,tft,8978.0,0.0005511239977613417,0.006062363975374759,0.2680282092046798,0.04828131199442476,True
aleppo_2017,Replace-BG,timesfm,ttm,6827.0,1.097547016020807e-08,1.7560752256332911e-07,-0.4433981492805022,-0.09336936328474854,True
aleppo_2017,Replace-BG,timesfm,tide,9422.0,0.00280785703746974,0.02246285629975792,-0.23182911418205535,-0.04723976802729757,True
aleppo_2017,Replace-BG,timesfm,deepar,4686.0,1.6556938245411652e-15,5.132650856077612e-14,-0.6179527944233827,-0.18844037824842497,True
aleppo_2017,Replace-BG,timesfm,moment,367.0,7.164931668142111e-36,2.8659726672568444e-34,-0.9700786759610289,-0.5976902622284528,True
aleppo_2017,Replace-BG,patchtst,tft,7609.0,9.922214512973052e-07,1.3891100318162272e-05,0.37964208552443846,0.07291859648040289,True
aleppo_2017,Replace-BG,patchtst,ttm,5656.0,3.772835489466604e-12,9.054805174719851e-11,-0.5388691859280095,-0.06873207879877041,True
aleppo_2017,Replace-BG,patchtst,tide,9458.0,0.003175721953198696,0.02246285629975792,-0.2288940524234642,-0.02260248354131944,True
aleppo_2017,Replace-BG,patchtst,deepar,5571.0,1.996044100237468e-12,5.1897146606174164e-11,-0.5457991928580164,-0.16380309376244684,True
aleppo_2017,Replace-BG,patchtst,moment,318.0,3.743475858293464e-36,1.6096946190661895e-34,-0.9740736211324447,-0.5730529777424747,True
aleppo_2017,Replace-BG,tft,ttm,5393.0,5.130122231218342e-13,1.4364342247411358e-11,-0.5603114426643838,-0.1416506752791733,True
aleppo_2017,Replace-BG,tft,tide,6625.0,3.0816521382673805e-09,6.16330427653476e-08,-0.45986710692593047,-0.09552108002172233,True
aleppo_2017,Replace-BG,tft,deepar,2996.0,2.022786073771576e-22,6.877472650823359e-21,-0.7557376380905793,-0.23672169024284972,True
aleppo_2017,Replace-BG,tft,moment,674.0,3.940862906928123e-34,1.536936533701968e-32,-0.9450491215197098,-0.6459715742228775,True
aleppo_2017,Replace-BG,ttm,tide,8086.0,1.1234859365806018e-05,0.00014605317175547824,0.34075251722310546,0.04612959525745097,True
aleppo_2017,Replace-BG,ttm,deepar,9188.0,0.0012210389819726063,0.012210389819726063,-0.25090701561289797,-0.09507101496367643,True
aleppo_2017,Replace-BG,ttm,moment,246.0,1.4352382981079259e-36,6.458572341485666e-35,-0.979943744649627,-0.5043208989437042,True
aleppo_2017,Replace-BG,tide,deepar,6647.0,3.5464095682341848e-09,6.383537222821532e-08,-0.45807345807345806,-0.1412006102211274,True
aleppo_2017,Replace-BG,tide,moment,328.0,4.274704955098509e-36,1.7953760811413738e-34,-0.9732583261995027,-0.5504504942011552,True
aleppo_2017,Replace-BG,deepar,moment,2558.0,1.964415654128553e-24,7.071896354862791e-23,-0.7914475561534385,-0.4092498839800278,True
brown_2019,DCLP3,chronos2,moirai,1801.0,8.067141783288373e-17,2.097456863654977e-15,-0.7432278300541774,-0.11355728243068297,True
brown_2019,DCLP3,chronos2,toto,285.0,5.750025919791622e-27,2.1850098495208165e-25,-0.9593669803250642,-0.3134050995821225,True
brown_2019,DCLP3,chronos2,timesfm,2788.0,1.4477106538629357e-11,2.8954213077258715e-10,-0.6025092671799258,-0.09657447495498106,True
brown_2019,DCLP3,chronos2,patchtst,3445.0,1.1759440991639027e-08,1.763916148745854e-07,-0.5088394639292843,-0.09211645785656408,True
brown_2019,DCLP3,chronos2,tft,6047.0,0.12228747110943688,0.7337248266566213,-0.13786712289706302,-0.024816250056579392,False
brown_2019,DCLP3,chronos2,ttm,1437.0,5.015904959269844e-19,1.4546124381882548e-17,-0.7951240376390077,-0.1755651602276842,True
brown_2019,DCLP3,chronos2,tide,3154.0,6.907671702294691e-10,1.3124576234359912e-08,-0.5503279155973767,-0.09811282285461687,True
brown_2019,DCLP3,chronos2,deepar,1909.0,3.4155157635683914e-16,8.538789408920978e-15,-0.7278300541773596,-0.2439932680474879,True
brown_2019,DCLP3,chronos2,moment,159.0,6.348705854065622e-28,2.602969400166905e-26,-0.9773310521813516,-0.6363956848243482,True
brown_2019,DCLP3,moirai,toto,1209.0,1.755441529383179e-20,5.441868741087855e-19,-0.8276304533789564,-0.1998478171514395,True
brown_2019,DCLP3,moirai,timesfm,5874.0,0.06850157895866489,0.47951105271065425,0.16253207869974337,0.01698280747570191,False
brown_2019,DCLP3,moirai,patchtst,6206.0,0.19664651338934236,0.9832325669467118,0.1151981750784146,0.02144082457411889,False
brown_2019,DCLP3,moirai,tft,2028.0,1.6190341463729669e-15,3.885681951295121e-14,0.7108639863130881,0.08874103237410358,True
brown_2019,DCLP3,moirai,ttm,3944.0,9.30533129699589e-07,9.30533129699589e-06,-0.4376960364984317,-0.06200787779700123,True
brown_2019,DCLP3,moirai,tide,6300.0,0.25388860960116044,1.0,0.10179640718562874,0.015444459576066105,False
brown_2019,DCLP3,moirai,deepar,3407.0,8.21918304484192e-09,1.3150692871747073e-07,-0.5142571998859424,-0.13043598561680492,True
brown_2019,DCLP3,moirai,moment,150.0,5.415778161429509e-28,2.2746268278003937e-26,-0.9786142001710864,-0.5228384023936652,True
brown_2019,DCLP3,toto,timesfm,561.0,6.236107462351928e-25,2.1826376118231747e-23,0.9200171086398631,0.21683062462714142,True
brown_2019,DCLP3,toto,patchtst,281.0,5.3648518195001324e-27,2.092292209605052e-25,0.9599372683205019,0.2212886417255584,True
brown_2019,DCLP3,toto,tft,803.0,3.240021678263e-23,1.10160737060942e-21,0.8855146849158825,0.2885888495255431,True
brown_2019,DCLP3,toto,ttm,1025.0,1.0661631165752813e-21,3.4117219730409e-20,0.8538637011690904,0.13783993935443828,True
brown_2019,DCLP3,toto,tide,811.0,3.6826843513021834e-23,1.2152858359297205e-21,0.8843741089250071,0.21529227672750562,True
brown_2019,DCLP3,toto,deepar,5434.0,0.011576329592301895,0.09954427094931005,0.22526375819788994,0.0694118315346346,False
brown_2019,DCLP3,toto,moment,355.0,1.9221291794181827e-26,6.919665045905458e-25,-0.9493869404049045,-0.3229905852422257,True
brown_2019,DCLP3,timesfm,patchtst,6702.0,0.6180833208700444,1.0,-0.04448246364414029,0.004458017098416978,False
brown_2019,DCLP3,timesfm,tft,3629.0,6.332462452026575e-08,8.232201187634547e-07,0.4826062161391503,0.07175822489840167,True
brown_2019,DCLP3,timesfm,ttm,2445.0,2.853103124858731e-13,6.562137187175081e-12,-0.6514114627887083,-0.07899068527270314,True
brown_2019,DCLP3,timesfm,tide,6786.0,0.7156051773885707,1.0,-0.032506415739948676,-0.0015383478996358058,False
brown_2019,DCLP3,timesfm,deepar,3371.0,5.8347025847200345e-09,9.918994394024058e-08,-0.5193897918448817,-0.14741879309250683,True
brown_2019,DCLP3,timesfm,moment,237.0,2.4955337625611104e-27,9.982135050244442e-26,-0.9662104362703166,-0.5398212098693671,True
brown_2019,DCLP3,patchtst,tft,3784.0,2.450266275838357e-07,2.6952929034221926e-06,0.46050755631593954,0.06730020779998469,True
brown_2019,DCLP3,patchtst,ttm,2682.0,4.439503976003656e-12,9.322958349607678e-11,-0.6176218990590248,-0.08344870237112012,True
brown_2019,DCLP3,patchtst,tide,6951.0,0.9198104354945214,1.0,0.008982035928143712,-0.005996364998052783,False
brown_2019,DCLP3,patchtst,deepar,3630.0,6.389203666754371e-08,8.232201187634547e-07,-0.48246364414029086,-0.1518768101909238,True
brown_2019,DCLP3,patchtst,moment,85.0,1.7080700190937892e-28,7.686315085922052e-27,-0.9878813800969489,-0.5442792269677841,True
brown_2019,DCLP3,tft,ttm,1666.0,1.2745297074805468e-17,3.4412302101974763e-16,-0.7624750499001997,-0.1507489101711048,True
brown_2019,DCLP3,tft,tide,3611.0,5.3908152351342197e-08,7.547141329187908e-07,-0.4851725121186199,-0.07329657279803747,True
brown_2019,DCLP3,tft,deepar,1420.0,3.924252231763997e-19,1.1772756695291991e-17,-0.7975477616196179,-0.2191770179909085,True
brown_2019,DCLP3,tft,moment,306.0,8.269313726207831e-27,3.0596460786968976e-25,-0.9563729683490163,-0.6115794347677688,True
brown_2019,DCLP3,ttm,tide,2491.0,4.914343683096429e-13,1.0811556102812144e-11,0.6448531508411748,0.07745233737306734,True
brown_2019,DCLP3,ttm,deepar,5424.0,0.011060474549923338,0.09954427094931005,-0.22668947818648416,-0.06842810781980369,False
brown_2019,DCLP3,ttm,moment,96.0,2.077989438651448e-28,9.143153530066371e-27,-0.9863130881094953,-0.46083052459666396,True
brown_2019,DCLP3,tide,deepar,3348.0,4.679638736311322e-09,8.42334972536038e-08,-0.5226689478186484,-0.14588044519287102,True
brown_2019,DCLP3,tide,moment,146.0,5.046087506674258e-28,2.169817627869931e-26,-0.9791844881665241,-0.5382828619697313,True
brown_2019,DCLP3,deepar,moment,1641.0,9.010703169018303e-18,2.5229968873251247e-16,-0.7660393498716852,-0.3924024167768603,True
lynch_2022,IOBP2,chronos2,moirai,9167.0,1.4419580160311197e-20,3.1723076352684633e-19,-0.6122086382672702,-0.17527139605075903,True
lynch_2022,IOBP2,chronos2,toto,2722.0,3.638702029509426e-41,1.4190937915086763e-39,-0.8848513050467448,-0.41155944620194496,True
lynch_2022,IOBP2,chronos2,timesfm,9829.0,7.19009840105321e-19,1.509920664221174e-17,-0.584204069546089,-0.1675931680928151,True
lynch_2022,IOBP2,chronos2,patchtst,6091.0,1.777752979706243e-29,5.333258939118729e-28,-0.7423325859807944,-0.27025047142005243,True
lynch_2022,IOBP2,chronos2,tft,12860.0,4.368499191680145e-12,6.115898868352203e-11,-0.45598375565802274,-0.11528785632609329,True
lynch_2022,IOBP2,chronos2,ttm,4549.0,1.4147940947144915e-34,4.9517793315007206e-33,-0.8075637717331529,-0.3364709973626845,True
lynch_2022,IOBP2,chronos2,tide,5105.0,1.0916920944130927e-32,3.7117531210045153e-31,-0.7840433182452726,-0.3130116460682715,True
lynch_2022,IOBP2,chronos2,deepar,5271.0,3.8988567473397873e-32,1.2866227266221298e-30,-0.7770210245780278,-0.40642947278850694,True
lynch_2022,IOBP2,chronos2,moment,1336.0,1.4618730923413733e-46,6.432241606302042e-45,-0.9434832268708491,-0.755846932197062,True
lynch_2022,IOBP2,moirai,toto,8500.0,2.3429675666171396e-22,5.623122159881135e-21,-0.6404247218579466,-0.23628805015118592,True
lynch_2022,IOBP2,moirai,timesfm,22712.0,0.5514896120356757,0.6263236427027821,0.03921485680443335,0.007678227957943928,False
lynch_2022,IOBP2,moirai,patchtst,15461.0,1.4902119513484112e-07,1.3411907562135701e-06,-0.34595372054655443,-0.0949790753692934,True
lynch_2022,IOBP2,moirai,tft,15379.0,1.1178463968743949e-07,1.117846396874395e-06,0.3494225644062778,0.059983539724665746,True
lynch_2022,IOBP2,moirai,ttm,11465.0,5.244638577026737e-15,9.440349438648127e-14,-0.5149964042472186,-0.16119960131192546,True
lynch_2022,IOBP2,moirai,tide,12656.0,1.7164583208843669e-12,2.5746874813265502e-11,-0.46461356233343204,-0.13774025001751244,True
lynch_2022,IOBP2,moirai,deepar,12622.0,1.4665765697214657e-12,2.346522511554345e-11,-0.46605186344600025,-0.2311580767377479,True
lynch_2022,IOBP2,moirai,moment,2603.0,1.2914967770779106e-41,5.165987108311643e-40,-0.8898853589407335,-0.580575536146303,True
lynch_2022,IOBP2,toto,timesfm,5823.0,2.4775129987923096e-30,7.928041596135391e-29,0.7536697829857439,0.24396627810912985,True
lynch_2022,IOBP2,toto,patchtst,7407.0,1.849912373843386e-25,4.994763409377142e-24,0.6866618723296247,0.14130897478189253,True
lynch_2022,IOBP2,toto,tft,4327.0,2.408295630662101e-35,8.669864270383564e-34,0.8169550319387453,0.29627158987585167,True
lynch_2022,IOBP2,toto,ttm,13557.0,9.359828219431788e-11,1.2167776685261325e-09,0.4264985828503744,0.07508844883926047,True
lynch_2022,IOBP2,toto,tide,14476.0,3.94328654612303e-09,4.337615200735333e-08,0.38762214983713356,0.09854780013367348,True
lynch_2022,IOBP2,toto,deepar,22069.0,0.31316182135139103,0.6263236427027821,0.06641566902153222,0.005129973413438016,False
lynch_2022,IOBP2,toto,moment,2772.0,5.613157103888823e-41,2.1329996994777527e-39,-0.8827361563517915,-0.34428748599511705,True
lynch_2022,IOBP2,timesfm,patchtst,12299.0,3.2138963880409295e-13,5.46362385966958e-12,-0.4797157240153983,-0.10265730332723733,True
lynch_2022,IOBP2,timesfm,tft,17411.0,6.306659167037076e-05,0.0004414661416925953,0.26346292144337746,0.05230531176672182,True
lynch_2022,IOBP2,timesfm,ttm,8609.0,4.651005000428667e-22,1.0697311500985935e-20,-0.6358136977029485,-0.16887782926986938,True
lynch_2022,IOBP2,timesfm,tide,11229.0,1.5547843340059479e-15,2.954090234611301e-14,-0.524979906087398,-0.14541847797545637,True
lynch_2022,IOBP2,timesfm,deepar,10996.0,4.578097998211486e-16,9.156195996422972e-15,-0.5348364990058802,-0.23883630469569184,True
lynch_2022,IOBP2,timesfm,moment,1513.0,7.466150192156543e-46,3.2104445826273136e-44,-0.9359956004907145,-0.5882537641042469,True
lynch_2022,IOBP2,patchtst,tft,7740.0,1.717449780602195e-24,4.465369429565707e-23,0.6725749820212361,0.15496261509395914,True
lynch_2022,IOBP2,patchtst,ttm,14127.0,9.91566400171167e-10,1.1898796802054005e-08,-0.4023858877279073,-0.06622052594263206,True
lynch_2022,IOBP2,patchtst,tide,18480.0,0.0009187982965391187,0.005512789779234712,-0.2182410423452769,-0.04276117464821905,True
lynch_2022,IOBP2,patchtst,deepar,16263.0,2.1526500134890654e-06,1.7221200107912523e-05,-0.3120267354795042,-0.1361790013684545,True
lynch_2022,IOBP2,patchtst,moment,1274.0,8.232324520851969e-47,3.704546034383386e-45,-0.9461060112525911,-0.4855964607770096,True
lynch_2022,IOBP2,tft,ttm,6548.0,4.784409826363711e-28,1.387478849645476e-26,-0.7230001269089217,-0.2211831410365912,True
lynch_2022,IOBP2,tft,tide,5969.0,7.275285286447208e-30,2.2553384387986345e-28,-0.7474935487964804,-0.1977237897421782,True
lynch_2022,IOBP2,tft,deepar,7806.0,2.6567342840225273e-24,6.641835710056318e-23,-0.6697829857438978,-0.29114161646241365,True
lynch_2022,IOBP2,tft,moment,1907.0,2.6881200358511797e-44,1.1021292146989837e-42,-0.9193282287744828,-0.6405590758709687,True
lynch_2022,IOBP2,ttm,tide,20377.0,0.03611808168916034,0.14447232675664137,0.13799230085875036,0.02345935129441301,False
lynch_2022,IOBP2,ttm,deepar,20619.0,0.05236409442256408,0.15709228326769226,-0.1277549811751766,-0.06995847542582245,False
lynch_2022,IOBP2,ttm,moment,1851.0,1.621545933348335e-44,6.810492920063007e-43,-0.9216971953128305,-0.4193759348343775,True
lynch_2022,IOBP2,tide,deepar,19878.0,0.01568488922161455,0.07842444610807275,-0.15910148483438386,-0.09341782672023546,False
lynch_2022,IOBP2,tide,moment,2855.0,1.1501010373380122e-40,4.255373838150645e-39,-0.8792250095181692,-0.44283528612879053,True
lynch_2022,IOBP2,deepar,moment,7166.0,3.585015847742144e-26,1.0038044373678003e-24,-0.6968568890392994,-0.34941745940855506,True
tamborlane_2008,Tamborlane,chronos2,moirai,13829.0,1.9683035658703498e-36,4.920758914675875e-35,-0.7015270058814007,-0.10349464854844914,True
tamborlane_2008,Tamborlane,chronos2,toto,11776.0,5.906833311285831e-41,1.7720499933857492e-39,-0.7458371553445206,-0.10463611696892405,True
tamborlane_2008,Tamborlane,chronos2,timesfm,43305.0,0.24034387983728078,0.5489917869189952,0.06534290185075271,0.010414918189744604,False
tamborlane_2008,Tamborlane,chronos2,patchtst,41140.0,0.04403474820910365,0.1761389928364146,0.11207036097771543,0.017541502594495828,False
tamborlane_2008,Tamborlane,chronos2,tft,28016.0,1.216178026841589e-12,1.7026492375782248e-11,-0.39532725408730374,-0.028745927865097887,True
tamborlane_2008,Tamborlane,chronos2,ttm,40679.0,0.02834015452885449,0.1685363265504712,-0.12202018021906869,-0.007986341467579816,False
tamborlane_2008,Tamborlane,chronos2,tide,27109.0,8.968085105047313e-14,1.345212765757097e-12,-0.4149031457400313,-0.03724670278377484,True
tamborlane_2008,Tamborlane,chronos2,deepar,10747.0,2.520408291546525e-43,8.06530653294888e-42,-0.768046187881077,-0.2502827738610751,True
tamborlane_2008,Tamborlane,chronos2,moment,5120.0,1.6768609394404143e-57,7.04281594564974e-56,-0.8894944153671829,-0.2711232946712343,True
tamborlane_2008,Tamborlane,moirai,toto,45723.0,0.8131402788321961,0.8131402788321961,0.013154912858144931,-0.0011414684204749115,False
tamborlane_2008,Tamborlane,moirai,timesfm,9936.0,3.056146753645989e-45,1.130774298849016e-43,0.7855500998219392,0.11390956673819375,True
tamborlane_2008,Tamborlane,moirai,patchtst,10624.0,1.2989322234386735e-43,4.41636955969149e-42,0.7707009118869045,0.12103615114294497,True
tamborlane_2008,Tamborlane,moirai,tft,20907.0,6.171677618297534e-23,1.3577690760254575e-21,0.5487616683753305,0.07474872068335126,True
tamborlane_2008,Tamborlane,moirai,ttm,10473.0,5.738824905750506e-44,2.008588717012677e-42,0.7739599633086927,0.09550830708086933,True
tamborlane_2008,Tamborlane,moirai,tide,22567.0,3.0622145916196494e-20,6.430650642401264e-19,0.5129336858576593,0.0662479457646743,True
tamborlane_2008,Tamborlane,moirai,deepar,24680.0,4.568948148208808e-17,8.224106666775854e-16,-0.4673285490746236,-0.14678812531262597,True
tamborlane_2008,Tamborlane,moirai,moment,12623.0,4.6822907921039095e-39,1.2642185138680555e-37,-0.7275562510117088,-0.16762864612278516,True
tamborlane_2008,Tamborlane,toto,timesfm,10647.0,1.4705956325197028e-43,4.8529655873150196e-42,0.7702045000809367,0.11505103515866866,True
tamborlane_2008,Tamborlane,toto,patchtst,8783.0,4.866000300240526e-48,1.8490801140913997e-46,0.8104354394863217,0.12217761956341988,True
tamborlane_2008,Tamborlane,toto,tft,19884.0,1.097542511701243e-24,2.5243477769128587e-23,0.5708412021798953,0.07589018910382617,True
tamborlane_2008,Tamborlane,toto,ttm,11035.0,1.1794934991260945e-42,3.6564298472908927e-41,0.761830248745481,0.09664977550134424,True
tamborlane_2008,Tamborlane,toto,tide,25852.0,1.9772263627195982e-15,3.361284816623317e-14,0.44203313009226786,0.06738941418514921,True
tamborlane_2008,Tamborlane,toto,deepar,23202.0,2.951962140099121e-19,5.903924280198242e-18,-0.4992284033885502,-0.14564665689215106,True
tamborlane_2008,Tamborlane,toto,moment,11851.0,8.737694216897156e-41,2.5339313229001754e-39,-0.7442184211946258,-0.16648717770231025,True
tamborlane_2008,Tamborlane,timesfm,patchtst,42899.0,0.18299726230633173,0.5489917869189952,0.07410564938218313,0.007126584404751224,False
tamborlane_2008,Tamborlane,timesfm,tft,30253.0,4.4899929559570447e-10,5.3879915471484535e-09,-0.34704581017644204,-0.03916084605484249,True
tamborlane_2008,Tamborlane,timesfm,ttm,37864.0,0.0010225015172642322,0.00920251365537809,-0.18277666864511952,-0.01840125965732442,True
tamborlane_2008,Tamborlane,timesfm,tide,26476.0,1.352538071259693e-14,2.1640609140155089e-13,-0.4285652619651433,-0.04766162097351945,True
tamborlane_2008,Tamborlane,timesfm,deepar,10229.0,1.5220562872130688e-44,5.479402633967048e-43,-0.7792262450763503,-0.2606976920508197,True
tamborlane_2008,Tamborlane,timesfm,moment,2862.0,9.0455894406473e-64,4.0705152482912845e-62,-0.9382291048400151,-0.2815382128609789,True
tamborlane_2008,Tamborlane,patchtst,tft,28374.0,3.291482700427332e-12,4.278927510555532e-11,-0.387600496411806,-0.046287430459593715,True
tamborlane_2008,Tamborlane,patchtst,ttm,33937.0,1.5303309270831897e-06,1.5303309270831898e-05,-0.26753358873361033,-0.025527844062075644,True
tamborlane_2008,Tamborlane,patchtst,tide,23728.0,1.8431105727829454e-18,3.5019100882875963e-17,-0.4878756812172881,-0.05478820537827067,True
tamborlane_2008,Tamborlane,patchtst,deepar,7669.0,7.974616324901112e-51,3.1898465299604448e-49,-0.8344790373927589,-0.26782427645557094,True
tamborlane_2008,Tamborlane,patchtst,moment,2928.0,1.3943014204562774e-63,6.1349262500076205e-62,-0.9368046187881077,-0.28866479726573013,True
tamborlane_2008,Tamborlane,tft,ttm,39865.0,0.012133713988318221,0.09706971190654577,0.13958884152592674,0.02075958639751807,False
tamborlane_2008,Tamborlane,tft,tide,40034.0,0.01457826237484544,0.10204783662391807,-0.1359412939081638,-0.008500774918676957,False
tamborlane_2008,Tamborlane,tft,deepar,12073.0,2.7706382028680604e-40,7.75778696803057e-39,-0.7394269681109372,-0.22153684599597723,True
tamborlane_2008,Tamborlane,tft,moment,7177.0,4.423970677705215e-52,1.813827977859138e-50,-0.8450979334160686,-0.24237736680613642,True
tamborlane_2008,Tamborlane,ttm,tide,31179.0,4.181628509758702e-09,4.599791360734572e-08,-0.3270598392057411,-0.029260361316195027,True
tamborlane_2008,Tamborlane,ttm,deepar,13134.0,6.218160689247751e-38,1.6167217792044154e-36,-0.7165272756704257,-0.2422964323934953,True
tamborlane_2008,Tamborlane,ttm,moment,3017.0,2.4964029221831135e-63,1.0734532565387388e-61,-0.9348837209302325,-0.2631369532036545,True
tamborlane_2008,Tamborlane,tide,deepar,15270.0,2.0190562151684353e-33,4.8457349164042447e-32,-0.6704257270814223,-0.21303607107730027,True
tamborlane_2008,Tamborlane,tide,moment,8389.0,5.143185575286819e-49,2.0058423743618595e-47,-0.818939189553769,-0.23387659188745946,True
tamborlane_2008,Tamborlane,deepar,moment,40670.0,0.02808938775841187,0.1685363265504712,-0.12221442831705606,-0.02084052081015919,False
