dataset,dataset_label,model_a,model_b,metric,higher_is_better,delta,lo,hi,p,n,significant
aleppo_2017,Replace-BG,chronos2,moirai,rmse,False,-0.09783466409529096,-0.12207810166312213,-0.07414353323206561,0.0,221,True
aleppo_2017,Replace-BG,chronos2,moirai,wql,False,-0.04024738913486081,-0.046686321844514454,-0.03384360272719661,0.0,221,True
aleppo_2017,Replace-BG,chronos2,moirai,dilate_shape,False,54.25444473706506,43.938051839172886,67.43659529170678,0.0,221,True
aleppo_2017,Replace-BG,chronos2,moirai,auroc,True,-0.014683319526676786,-0.031665035372515256,0.0021376704566391054,0.092,221,False
aleppo_2017,Replace-BG,chronos2,moirai,auprc,True,-0.018113753300155522,-0.0350492898716845,-0.0006971580917280733,0.042,221,True
aleppo_2017,Replace-BG,chronos2,toto,rmse,False,-0.255223852451826,-0.30105975804429985,-0.20498171447095248,0.0,221,True
aleppo_2017,Replace-BG,chronos2,toto,wql,False,-0.0819718224754502,-0.09429048053356934,-0.06916175463478945,0.0,221,True
aleppo_2017,Replace-BG,chronos2,toto,dilate_shape,False,2.594434658447824,-16.657906182001923,25.380561692284356,0.783,221,False
aleppo_2017,Replace-BG,chronos2,toto,auroc,True,-0.014784628110830922,-0.03682647555076795,0.005501370861835512,0.154,221,False
aleppo_2017,Replace-BG,chronos2,toto,auprc,True,-0.024621672785234305,-0.045671103338735246,-0.003674574302608869,0.021,221,True
aleppo_2017,Replace-BG,chronos2,patchtst,rmse,False,-0.06984125430647303,-0.11685088072056964,-0.0327807822066761,0.0,221,True
aleppo_2017,Replace-BG,chronos2,patchtst,wql,False,-0.03241606093897775,-0.04502989246012836,-0.022308529125070146,0.0,221,True
aleppo_2017,Replace-BG,chronos2,patchtst,dilate_shape,False,-39.996140734237486,-51.49207629113555,-29.23572499905357,0.0,221,True
aleppo_2017,Replace-BG,chronos2,patchtst,auroc,True,-0.024985565768098406,-0.040920040279223434,-0.0098791205836424,0.001,221,True
aleppo_2017,Replace-BG,chronos2,patchtst,auprc,True,-0.03465004223186974,-0.051237586451547426,-0.01843250413862076,0.0,221,True
brown_2019,DCLP3,chronos2,moirai,rmse,False,-0.08836299038221762,-0.10828247472566303,-0.06638492559475258,0.0,167,True
brown_2019,DCLP3,chronos2,moirai,wql,False,-0.04456252868858257,-0.0510085328345881,-0.03774414552783923,0.0,167,True
brown_2019,DCLP3,chronos2,moirai,dilate_shape,False,58.86969561608527,45.76327851391023,74.1571642471403,0.0,167,True
brown_2019,DCLP3,chronos2,moirai,auroc,True,-0.06814558242393787,-0.09575885828320875,-0.04110095067612672,0.0,167,True
brown_2019,DCLP3,chronos2,moirai,auprc,True,-0.031688312876614055,-0.05870705328808085,-0.0041174983978143585,0.026,167,True
brown_2019,DCLP3,chronos2,toto,rmse,False,-0.24764968147254685,-0.30217770955979184,-0.19490450929211633,0.0,167,True
brown_2019,DCLP3,chronos2,toto,wql,False,-0.11261902918094135,-0.1329716221844966,-0.09377367374407312,0.0,167,True
brown_2019,DCLP3,chronos2,toto,dilate_shape,False,46.50530976097929,22.466945975701773,73.60018519262036,0.0,167,True
brown_2019,DCLP3,chronos2,toto,auroc,True,-0.058161384148443074,-0.0879364701618662,-0.030941078934791325,0.0,167,True
brown_2019,DCLP3,chronos2,toto,auprc,True,-0.026041596270883705,-0.04701810113188543,-0.002908976759328194,0.026,167,True
brown_2019,DCLP3,chronos2,patchtst,rmse,False,-0.044770854061552345,-0.07316280588767386,-0.014007232360919135,0.007,167,True
brown_2019,DCLP3,chronos2,patchtst,wql,False,-0.04069739283350726,-0.04956434277064073,-0.030604654938977686,0.0,167,True
brown_2019,DCLP3,chronos2,patchtst,dilate_shape,False,-32.40841333014663,-42.95351233284844,-20.66430096615333,0.0,167,True
brown_2019,DCLP3,chronos2,patchtst,auroc,True,-0.054422998222305896,-0.07474073438152563,-0.03289825327945616,0.0,167,True
brown_2019,DCLP3,chronos2,patchtst,auprc,True,-0.031173544416376098,-0.053632330466018494,-0.009557791900027824,0.0,167,True
lynch_2022,IOBP2,chronos2,moirai,rmse,False,-0.18636026899713531,-0.2156904032012052,-0.15780569055022695,0.0,307,True
lynch_2022,IOBP2,chronos2,moirai,wql,False,-0.06488211987448567,-0.07214126643368696,-0.05779409402520158,0.0,307,True
lynch_2022,IOBP2,chronos2,moirai,dilate_shape,False,8.23346616467552,-2.8749570871929877,19.93161210360291,0.143,307,False
lynch_2022,IOBP2,chronos2,moirai,auroc,True,-0.05480893671848441,-0.07886775789104604,-0.030563258496969354,0.0,307,True
lynch_2022,IOBP2,chronos2,moirai,auprc,True,-0.03682763811363832,-0.06229567379427552,-0.013332821792364103,0.0,307,True
lynch_2022,IOBP2,chronos2,toto,rmse,False,-0.32232123286851344,-0.36974272771927996,-0.2779190447215582,0.0,307,True
lynch_2022,IOBP2,chronos2,toto,wql,False,-0.14460254538162942,-0.15993327799789206,-0.12987366849431745,0.0,307,True
lynch_2022,IOBP2,chronos2,toto,dilate_shape,False,6.851382545292836,-9.270626432799117,22.29206950197719,0.397,307,False
lynch_2022,IOBP2,chronos2,toto,auroc,True,-0.04934942120871766,-0.07474617192831932,-0.024234091211607123,0.0,307,True
lynch_2022,IOBP2,chronos2,toto,auprc,True,-0.030242714270204973,-0.05633089304888837,-0.003433991580439973,0.027,307,True
lynch_2022,IOBP2,chronos2,patchtst,rmse,False,-0.2029338404312111,-0.24002447463190865,-0.16626677015491234,0.0,307,True
lynch_2022,IOBP2,chronos2,patchtst,wql,False,-0.09131121586475444,-0.10010675096882285,-0.08271194932189627,0.0,307,True
lynch_2022,IOBP2,chronos2,patchtst,dilate_shape,False,-106.12562998653982,-123.69813724320565,-90.09732138668427,0.0,307,True
lynch_2022,IOBP2,chronos2,patchtst,auroc,True,-0.022549110488809032,-0.05098460950848365,0.0074651332865526936,0.128,307,False
lynch_2022,IOBP2,chronos2,patchtst,auprc,True,-0.0008498514349541963,-0.030643337786248132,0.02802944411168473,0.943,307,False
