dataset,dataset_label,model,metric,point,lo,hi,higher_is_better
aleppo_2017,Replace-BG,chronos2,rmse,2.6090161564291767,2.50817117657389,2.735831250623326,False
aleppo_2017,Replace-BG,moirai,rmse,2.7068508205244677,2.6018906541252824,2.8247412042712745,False
aleppo_2017,Replace-BG,toto,rmse,2.8642400088810027,2.7567683055702763,2.9789185095839676,False
aleppo_2017,Replace-BG,timesfm,rmse,2.709180319063102,2.6068654251716192,2.82865770165267,False
aleppo_2017,Replace-BG,patchtst,rmse,2.6788574107356498,2.5736432630424755,2.8013331497435976,False
aleppo_2017,Replace-BG,tft,rmse,2.617969063329428,2.525221241784374,2.7275541739672238,False
aleppo_2017,Replace-BG,tide,rmse,2.7360261671986024,2.6314865078062337,2.860014101503696,False
aleppo_2017,Replace-BG,deepar,rmse,2.8621463680680312,2.7488899276272973,2.992328933379982,False
aleppo_2017,Replace-BG,chronos2,wql,0.7377425591724988,0.7111158465222865,0.7698043895968625,False
aleppo_2017,Replace-BG,moirai,wql,0.7779899483073596,0.7494884563943353,0.8096859688104249,False
aleppo_2017,Replace-BG,toto,wql,0.819714381647949,0.7896312471976621,0.8534459928281989,False
aleppo_2017,Replace-BG,timesfm,wql,0.7704087679860927,0.7426039650682961,0.8024457746258218,False
aleppo_2017,Replace-BG,patchtst,wql,0.7701586201114765,0.7422293249217088,0.8036692905216678,False
aleppo_2017,Replace-BG,tft,wql,0.7423169226880527,0.7177425224473454,0.7706057978144644,False
aleppo_2017,Replace-BG,tide,wql,0.7868957158582055,0.7580738139046814,0.8216394138028986,False
aleppo_2017,Replace-BG,deepar,wql,0.847248657580568,0.8208920743447982,0.8767489792975092,False
aleppo_2017,Replace-BG,chronos2,dilate_shape,390.4487848453077,351.5498071223196,441.74915801206066,False
aleppo_2017,Replace-BG,moirai,dilate_shape,336.19434010824267,301.7384375171047,378.3278345038208,False
aleppo_2017,Replace-BG,toto,dilate_shape,387.8543501868599,355.2225681958758,426.1105927844027,False
aleppo_2017,Replace-BG,timesfm,dilate_shape,417.1108972644896,376.49733068062966,466.3588739033837,False
aleppo_2017,Replace-BG,patchtst,dilate_shape,430.4449255795452,389.9987894785453,478.25975957693595,False
aleppo_2017,Replace-BG,tft,dilate_shape,415.00025432824674,377.5062508550727,461.6958452310017,False
aleppo_2017,Replace-BG,tide,dilate_shape,439.0343120252328,396.6199886201042,491.32336340394437,False
aleppo_2017,Replace-BG,deepar,dilate_shape,407.9903393439091,368.68392440090577,457.65695963852437,False
aleppo_2017,Replace-BG,chronos2,auroc,0.712414515278769,0.6862629462792842,0.7359251522851245,True
aleppo_2017,Replace-BG,moirai,auroc,0.7270978348054458,0.7029052700974449,0.7503038446117084,True
aleppo_2017,Replace-BG,toto,auroc,0.7271991433895999,0.6992553200993362,0.7533303325981976,True
aleppo_2017,Replace-BG,timesfm,auroc,0.700298576420143,0.6789672470608454,0.7189636941126204,True
aleppo_2017,Replace-BG,patchtst,auroc,0.7374000810468674,0.7112221204488806,0.7598541765526914,True
aleppo_2017,Replace-BG,tft,auroc,0.7057529528912094,0.6793071458030694,0.7300480200243649,True
aleppo_2017,Replace-BG,tide,auroc,0.7016236568394352,0.6734725020735906,0.7269244371284688,True
aleppo_2017,Replace-BG,deepar,auroc,0.7193492223445497,0.6964492246619349,0.7415008474481198,True
aleppo_2017,Replace-BG,chronos2,auprc,0.5361110040423949,0.4779130456591323,0.5858390737368047,True
aleppo_2017,Replace-BG,moirai,auprc,0.5542247573425504,0.4947856148245739,0.6017430181538111,True
aleppo_2017,Replace-BG,toto,auprc,0.5607326768276292,0.507932990858216,0.6083137455948235,True
aleppo_2017,Replace-BG,timesfm,auprc,0.5270115047135013,0.4725638537470372,0.5733429376044832,True
aleppo_2017,Replace-BG,patchtst,auprc,0.5707610462742646,0.5129382301033739,0.6199261852895602,True
aleppo_2017,Replace-BG,tft,auprc,0.5335956262951849,0.4754258868087718,0.5839581537884136,True
aleppo_2017,Replace-BG,tide,auprc,0.5208636326914907,0.4585964463953679,0.5768286859693104,True
aleppo_2017,Replace-BG,deepar,auprc,0.5472926231043682,0.49224612158577885,0.591946040574692,True
brown_2019,DCLP3,chronos2,rmse,2.4321334886428674,2.2624021915379213,2.6079613725253066,False
brown_2019,DCLP3,moirai,rmse,2.520496479025085,2.353348172429462,2.6971904122870733,False
brown_2019,DCLP3,toto,rmse,2.6797831701154142,2.5117404463950748,2.8433980593897017,False
brown_2019,DCLP3,timesfm,rmse,2.488437184996495,2.326055908884586,2.6546768539331986,False
brown_2019,DCLP3,patchtst,rmse,2.4769043427044197,2.315044024231214,2.642689966838382,False
brown_2019,DCLP3,tft,rmse,2.48997087742784,2.2972691031963404,2.684651701886816,False
brown_2019,DCLP3,tide,rmse,2.509754882747835,2.344161767921813,2.678044690976966,False
brown_2019,DCLP3,deepar,rmse,2.732753686412925,2.5285671629778643,2.9424622875843545,False
brown_2019,DCLP3,chronos2,wql,0.6686911535586176,0.6215866643481167,0.7193739004088477,False
brown_2019,DCLP3,moirai,wql,0.7132536822472002,0.6637904534262095,0.7654800866664141,False
brown_2019,DCLP3,toto,wql,0.781310182739559,0.7338305488860286,0.8279340158363334,False
brown_2019,DCLP3,timesfm,wql,0.7095170282088589,0.6652999845794908,0.7558019876784093,False
brown_2019,DCLP3,patchtst,wql,0.7093885463921249,0.6662962730114047,0.754541373306439,False
brown_2019,DCLP3,tft,wql,0.6813321134910315,0.6275002677616983,0.7385638563003618,False
brown_2019,DCLP3,tide,wql,0.7124160400273709,0.6635165285809251,0.7630105615780134,False
brown_2019,DCLP3,deepar,wql,0.8153202609313027,0.7653784821076425,0.8686261868662473,False
brown_2019,DCLP3,chronos2,dilate_shape,345.2640248524405,286.13952056593007,410.7283132854084,False
brown_2019,DCLP3,moirai,dilate_shape,286.39432923635525,239.0040685450734,338.514945524733,False
brown_2019,DCLP3,toto,dilate_shape,298.7587150914612,255.76115680097462,344.371193356389,False
brown_2019,DCLP3,timesfm,dilate_shape,385.09771907503824,328.73683767907204,445.89312939244525,False
brown_2019,DCLP3,patchtst,dilate_shape,377.67243818258714,323.6732631380819,437.86923469519166,False
brown_2019,DCLP3,tft,dilate_shape,368.1531275502976,301.0300545301391,445.7988077134384,False
brown_2019,DCLP3,tide,dilate_shape,376.77041611661446,318.06120259696723,438.3375610317291,False
brown_2019,DCLP3,deepar,dilate_shape,362.8148986925226,297.9756860249545,435.39232027082227,False
brown_2019,DCLP3,chronos2,auroc,0.6515571282689496,0.6221680849823373,0.6825976538696348,True
brown_2019,DCLP3,moirai,auroc,0.7197027106928875,0.6823111182182402,0.7551807985492103,True
brown_2019,DCLP3,toto,auroc,0.7097185124173927,0.6730174648632866,0.7447400710458856,True
brown_2019,DCLP3,timesfm,auroc,0.6537753728058001,0.6199724083508699,0.6893586712149478,True
brown_2019,DCLP3,patchtst,auroc,0.7059801264912555,0.6738547315037201,0.736722512453844,True
brown_2019,DCLP3,tft,auroc,0.6454129814265188,0.6127485098075189,0.6820192413301334,True
brown_2019,DCLP3,tide,auroc,0.663501372968465,0.6288821214899566,0.6998738217218374,True
brown_2019,DCLP3,deepar,auroc,0.6822633388372563,0.6521208788951366,0.7125261396129555,True
brown_2019,DCLP3,chronos2,auprc,0.3452024782616606,0.2919478249718348,0.4046483494011487,True
brown_2019,DCLP3,moirai,auprc,0.3768907911382747,0.3149885632245467,0.4513184494396498,True
brown_2019,DCLP3,toto,auprc,0.3712440745325443,0.31343245475256426,0.43358115124197116,True
brown_2019,DCLP3,timesfm,auprc,0.33517592986408046,0.2830755799851532,0.39676600316931354,True
brown_2019,DCLP3,patchtst,auprc,0.3763760226780367,0.32607849898193897,0.43252541085930846,True
brown_2019,DCLP3,tft,auprc,0.3393825481914448,0.28351934147705454,0.4055427322680097,True
brown_2019,DCLP3,tide,auprc,0.3359597214311736,0.2843904218515647,0.3945389065586924,True
brown_2019,DCLP3,deepar,auprc,0.3550897736620946,0.30731691845475023,0.40786822969533915,True
lynch_2022,IOBP2,chronos2,rmse,2.24831094065991,2.101446811418718,2.3922838046411465,False
lynch_2022,IOBP2,moirai,rmse,2.4346712096570453,2.2912278177161323,2.5791579623155143,False
lynch_2022,IOBP2,toto,rmse,2.5706321735284234,2.421206532147061,2.718256240603476,False
lynch_2022,IOBP2,timesfm,rmse,2.423418042103183,2.2611646685106397,2.5885076739686297,False
lynch_2022,IOBP2,patchtst,rmse,2.451244781091121,2.3134425844915776,2.593903999274375,False
lynch_2022,IOBP2,tft,rmse,2.384860206527764,2.2299672922079026,2.5403321828529855,False
lynch_2022,IOBP2,tide,rmse,2.5143690809214956,2.370751027605671,2.66428009629588,False
lynch_2022,IOBP2,deepar,rmse,2.629881776926638,2.470152257381375,2.7905755125090597,False
lynch_2022,IOBP2,chronos2,wql,0.6136756792560158,0.5770919240275204,0.6516379839272709,False
lynch_2022,IOBP2,moirai,wql,0.6785577991305015,0.6399945224076949,0.717086919988063,False
lynch_2022,IOBP2,toto,wql,0.7582782246376453,0.7173728374975604,0.798964568419578,False
lynch_2022,IOBP2,timesfm,wql,0.6806695016646158,0.6413195747049385,0.7215936546336339,False
lynch_2022,IOBP2,patchtst,wql,0.7049868951207703,0.669441744982098,0.7425014601190917,False
lynch_2022,IOBP2,tft,wql,0.6554357756156038,0.6163098474089724,0.6957871208788527,False
lynch_2022,IOBP2,tide,wql,0.7195863892340818,0.6814210062704316,0.7610805382141986,False
lynch_2022,IOBP2,deepar,wql,0.7800569172056889,0.7384682718106655,0.8221647074006242,False
lynch_2022,IOBP2,chronos2,dilate_shape,272.66274508373226,233.02048376765345,314.7889515159158,False
lynch_2022,IOBP2,moirai,dilate_shape,264.42927891905674,225.3626984003628,306.40061266751565,False
lynch_2022,IOBP2,toto,dilate_shape,265.8113625384394,230.09100578985428,304.5330549332075,False
lynch_2022,IOBP2,timesfm,dilate_shape,351.140335549624,297.35525233766697,408.92338549601124,False
lynch_2022,IOBP2,patchtst,dilate_shape,378.7883750702721,331.40636749226314,428.8234635909128,False
lynch_2022,IOBP2,tft,dilate_shape,337.01320927311383,288.16467458009816,387.60719663788433,False
lynch_2022,IOBP2,tide,dilate_shape,386.13309214619096,334.8454937338225,440.44842084807567,False
lynch_2022,IOBP2,deepar,dilate_shape,352.5366847665775,303.5104905760024,405.714013464543,False
lynch_2022,IOBP2,chronos2,auroc,0.6500376902386953,0.6239733574187482,0.6768468811203917,True
lynch_2022,IOBP2,moirai,auroc,0.7048466269571797,0.6752539476760707,0.7328270897877196,True
lynch_2022,IOBP2,toto,auroc,0.699387111447413,0.66900149805133,0.730532309378137,True
lynch_2022,IOBP2,timesfm,auroc,0.6289412168809153,0.6055914839568695,0.6510993462708884,True
lynch_2022,IOBP2,patchtst,auroc,0.6725868007275043,0.640520988655672,0.7058478300747999,True
lynch_2022,IOBP2,tft,auroc,0.6150270873888964,0.595011285174213,0.6353358337466323,True
lynch_2022,IOBP2,tide,auroc,0.6054173340605502,0.5794959359043291,0.6329724388931383,True
lynch_2022,IOBP2,deepar,auroc,0.607611919169708,0.5729237550855785,0.6436881039394581,True
lynch_2022,IOBP2,chronos2,auprc,0.41847827041811625,0.3660573225558621,0.4721942803448121,True
lynch_2022,IOBP2,moirai,auprc,0.45530590853175457,0.40712454223089667,0.5052840259034128,True
lynch_2022,IOBP2,toto,auprc,0.4487209846883212,0.39638727600859475,0.5022436904004529,True
lynch_2022,IOBP2,timesfm,auprc,0.39183886641229226,0.34531652889099057,0.4383902617730722,True
lynch_2022,IOBP2,patchtst,auprc,0.41932812185307045,0.37129820468444785,0.47069981184999854,True
lynch_2022,IOBP2,tft,auprc,0.37213055336844253,0.3300077788642845,0.41660045209444646,True
lynch_2022,IOBP2,tide,auprc,0.35809848266181166,0.3167041341417499,0.40318835645020473,True
lynch_2022,IOBP2,deepar,auprc,0.3748097867244472,0.32594185315505075,0.42524721351958267,True
