validation_id,model_id,runtime_secs,MeanSquaredError_mean,MeanSquaredError_std
p02,ARCH-p_15-q_12-o_12-lags_24-power_1-dist_ged-mean_AR-vol_EGARCH,20.42714238166809,19348687979843.91,67025821281530.48
p02,ARCH-p_15-q_12-o_12-lags_24-power_1-dist_ged-mean_HAR-vol_EGARCH,15.882843732833862,2.387181243090428,1.2031344624568123
p02,ARCH-p_15-q_12-o_12-lags_36-power_1-dist_ged-mean_AR-vol_EGARCH,16.287813186645508,1.3653688770544696e+17,4.729776393624687e+17
p02,ARCH-p_15-q_12-o_12-lags_36-power_1-dist_ged-mean_HAR-vol_EGARCH,17.34674906730652,inf,
p02,ARCH-p_15-q_12-o_12-lags_48-power_1-dist_ged-mean_AR-vol_EGARCH,25.371270656585693,1.509688429542775e+41,5.229714127133907e+41
p02,ARCH-p_15-q_12-o_12-lags_48-power_1-dist_ged-mean_HAR-vol_EGARCH,22.64296507835388,2.5651144073299216e+17,8.885816961436724e+17
p02,ARCH-p_15-q_12-o_24-lags_24-power_1-dist_ged-mean_AR-vol_EGARCH,20.217079401016235,2.347662600369554,1.23846466684
p02,ARCH-p_15-q_12-o_24-lags_24-power_1-dist_ged-mean_HAR-vol_EGARCH,20.252878189086918,2.348353466517644,1.2374820281147771
p02,ARCH-p_15-q_12-o_24-lags_36-power_1-dist_ged-mean_AR-vol_EGARCH,24.761724948883057,2.3962429641308014,1.2564084977791938
p02,ARCH-p_15-q_12-o_24-lags_36-power_1-dist_ged-mean_HAR-vol_EGARCH,24.5091769695282,2.393673145509972,1.2626970505350488
p02,ARCH-p_15-q_12-o_24-lags_48-power_1-dist_ged-mean_AR-vol_EGARCH,29.887404680252075,2.3545686241843886,1.2457682660684557
p02,ARCH-p_15-q_12-o_24-lags_48-power_1-dist_ged-mean_HAR-vol_EGARCH,28.80809473991394,2.385639614712119,1.2668629215499514
p02,ARCH-p_15-q_24-o_12-lags_24-power_1-dist_ged-mean_AR-vol_EGARCH,18.134211778640747,inf,
p02,ARCH-p_15-q_24-o_12-lags_24-power_1-dist_ged-mean_HAR-vol_EGARCH,18.416685581207275,9647239822234998.0,3.3419019028616376e+16
p02,ARCH-p_15-q_24-o_12-lags_36-power_1-dist_ged-mean_AR-vol_EGARCH,20.89419198036194,5.147446666018737e+44,1.7831278309590953e+45
p02,ARCH-p_15-q_24-o_12-lags_36-power_1-dist_ged-mean_HAR-vol_EGARCH,19.855340719223022,6.500388576252922e+43,2.251800656602076e+44
p02,ARCH-p_15-q_24-o_12-lags_48-power_1-dist_ged-mean_AR-vol_EGARCH,28.28008484840393,inf,
p02,ARCH-p_15-q_24-o_12-lags_48-power_1-dist_ged-mean_HAR-vol_EGARCH,21.956613779067997,inf,
p02,ARCH-p_15-q_24-o_24-lags_24-power_1-dist_ged-mean_AR-vol_EGARCH,26.53036618232727,2.352441563054656,1.2256651394596427
p02,ARCH-p_15-q_24-o_24-lags_24-power_1-dist_ged-mean_HAR-vol_EGARCH,25.733640670776367,2.381815782347157,1.211083006821403
p02,ARCH-p_15-q_24-o_24-lags_36-power_1-dist_ged-mean_AR-vol_EGARCH,33.38709664344788,2.3956302786293704,1.240864707861537
p02,ARCH-p_15-q_24-o_24-lags_36-power_1-dist_ged-mean_HAR-vol_EGARCH,29.843540906906128,2.3967442895282507,1.248938928321291
p02,ARCH-p_15-q_24-o_24-lags_48-power_1-dist_ged-mean_AR-vol_EGARCH,36.33044004440308,2.352909186943951,1.2207016802169257
p02,ARCH-p_15-q_24-o_24-lags_48-power_1-dist_ged-mean_HAR-vol_EGARCH,35.64781928062439,2.390636893371992,1.256918424743196
p02,ARCH-p_15-q_36-o_12-lags_24-power_1-dist_ged-mean_AR-vol_EGARCH,22.53181791305542,4.653324246464065e+22,1.6119588037901996e+23
p02,ARCH-p_15-q_36-o_12-lags_24-power_1-dist_ged-mean_HAR-vol_EGARCH,26.659311294555664,2.457207222941546,1.2638535064177558
p02,ARCH-p_15-q_36-o_12-lags_36-power_1-dist_ged-mean_AR-vol_EGARCH,29.859565496444706,1379978.6773886858,4779631.823267983
p02,ARCH-p_15-q_36-o_12-lags_36-power_1-dist_ged-mean_HAR-vol_EGARCH,28.961904287338257,inf,
p02,ARCH-p_15-q_36-o_12-lags_48-power_1-dist_ged-mean_AR-vol_EGARCH,28.72236013412476,3.3091933326307715e+30,1.1463381968369343e+31
p02,ARCH-p_15-q_36-o_12-lags_48-power_1-dist_ged-mean_HAR-vol_EGARCH,31.739083290100098,1.151892593864952e+46,3.9902729948727995e+46
p02,ARCH-p_15-q_36-o_24-lags_24-power_1-dist_ged-mean_AR-vol_EGARCH,30.480282068252563,2.363952028788725,1.217944548701818
p02,ARCH-p_15-q_36-o_24-lags_24-power_1-dist_ged-mean_HAR-vol_EGARCH,32.13754415512085,2.3711464156681155,1.2146427092527012
p02,ARCH-p_15-q_36-o_24-lags_36-power_1-dist_ged-mean_AR-vol_EGARCH,33.498403549194336,2.4007282173345863,1.2440249352963748
p02,ARCH-p_15-q_36-o_24-lags_36-power_1-dist_ged-mean_HAR-vol_EGARCH,35.394657135009766,2.4098240033037923,1.2427606842758745
p02,ARCH-p_15-q_36-o_24-lags_48-power_1-dist_ged-mean_AR-vol_EGARCH,42.72369313240051,2.376749091290788,1.2326069018417405
p02,ARCH-p_15-q_36-o_24-lags_48-power_1-dist_ged-mean_HAR-vol_EGARCH,40.15246105194092,2.406590703783259,1.2457520677582092
p02,ARCH-p_36-q_12-o_12-lags_24-power_1-dist_ged-mean_AR-vol_EGARCH,21.97395420074463,3.805911504751307e+27,1.3184064190680366e+28
p02,ARCH-p_36-q_12-o_12-lags_24-power_1-dist_ged-mean_HAR-vol_EGARCH,21.261754035949707,1.1038892285330683e+22,3.823984459494572e+22
p02,ARCH-p_36-q_12-o_12-lags_36-power_1-dist_ged-mean_AR-vol_EGARCH,29.19701051712036,1.0524112565914073e+109,3.645659533747448e+109
p02,ARCH-p_36-q_12-o_12-lags_36-power_1-dist_ged-mean_HAR-vol_EGARCH,21.815673112869263,4.6572182073317314e+35,1.613307711406681e+36
p02,ARCH-p_36-q_12-o_12-lags_48-power_1-dist_ged-mean_AR-vol_EGARCH,25.80760645866394,inf,
p02,ARCH-p_36-q_12-o_12-lags_48-power_1-dist_ged-mean_HAR-vol_EGARCH,26.257472276687626,1.2019893498810776e+87,4.163813248301421e+87
p02,ARCH-p_36-q_12-o_24-lags_24-power_1-dist_ged-mean_AR-vol_EGARCH,23.53465247154236,inf,
p02,ARCH-p_36-q_12-o_24-lags_24-power_1-dist_ged-mean_HAR-vol_EGARCH,22.4568784236908,inf,
p02,ARCH-p_36-q_12-o_24-lags_36-power_1-dist_ged-mean_AR-vol_EGARCH,32.87985944747925,inf,
p02,ARCH-p_36-q_12-o_24-lags_36-power_1-dist_ged-mean_HAR-vol_EGARCH,25.753875732421875,inf,
p02,ARCH-p_36-q_12-o_24-lags_48-power_1-dist_ged-mean_AR-vol_EGARCH,38.83079242706299,8.902006453618949e+22,2.1342949692262705e+23
p02,ARCH-p_36-q_12-o_24-lags_48-power_1-dist_ged-mean_HAR-vol_EGARCH,34.553367614746094,9.635233592349827e+26,3.337742824356016e+27
p02,ARCH-p_36-q_24-o_12-lags_24-power_1-dist_ged-mean_AR-vol_EGARCH,23.161523818969727,6.38768520818019e+42,2.2127590646648539e+43
p02,ARCH-p_36-q_24-o_12-lags_24-power_1-dist_ged-mean_HAR-vol_EGARCH,30.305456161499023,2.400523134418668,1.1618871464788147
p02,ARCH-p_36-q_24-o_12-lags_36-power_1-dist_ged-mean_AR-vol_EGARCH,27.78114891052246,8.592688490622284e+35,2.976436509451873e+36
p02,ARCH-p_36-q_24-o_12-lags_36-power_1-dist_ged-mean_HAR-vol_EGARCH,34.47567939758301,1.9204797010427967e+39,6.652736834221624e+39
p02,ARCH-p_36-q_24-o_12-lags_48-power_1-dist_ged-mean_AR-vol_EGARCH,33.73887014389038,inf,
p02,ARCH-p_36-q_24-o_12-lags_48-power_1-dist_ged-mean_HAR-vol_EGARCH,27.671545267105103,148250884029.78024,513556125551.723
p02,ARCH-p_36-q_24-o_24-lags_24-power_1-dist_ged-mean_AR-vol_EGARCH,37.73731112480164,inf,
p02,ARCH-p_36-q_24-o_24-lags_24-power_1-dist_ged-mean_HAR-vol_EGARCH,34.821937084198,2.661907609477125,1.0669089885250564
p02,ARCH-p_36-q_24-o_24-lags_36-power_1-dist_ged-mean_AR-vol_EGARCH,31.02436399459839,inf,
p02,ARCH-p_36-q_24-o_24-lags_36-power_1-dist_ged-mean_HAR-vol_EGARCH,36.56919813156128,3.885431765018272e+39,1.345953045270733e+40
p02,ARCH-p_36-q_24-o_24-lags_48-power_1-dist_ged-mean_AR-vol_EGARCH,38.309571504592896,1.116236710191552e+31,3.866757390552557e+31
p02,ARCH-p_36-q_24-o_24-lags_48-power_1-dist_ged-mean_HAR-vol_EGARCH,42.846144676208496,1.632718048235051e+28,5.655896626874391e+28
p02,ARCH-p_36-q_36-o_12-lags_24-power_1-dist_ged-mean_AR-vol_EGARCH,30.207465887069706,5.871770148988566e+25,2.0340408456828947e+26
p02,ARCH-p_36-q_36-o_12-lags_24-power_1-dist_ged-mean_HAR-vol_EGARCH,34.83408617973328,6.160598981586671,8.879697361847304
p02,ARCH-p_36-q_36-o_12-lags_36-power_1-dist_ged-mean_AR-vol_EGARCH,33.04413461685181,5.186283059772326e+49,1.7965811523918894e+50
p02,ARCH-p_36-q_36-o_12-lags_36-power_1-dist_ged-mean_HAR-vol_EGARCH,32.15345311164856,inf,
p02,ARCH-p_36-q_36-o_12-lags_48-power_1-dist_ged-mean_AR-vol_EGARCH,40.88433885574341,inf,
p02,ARCH-p_36-q_36-o_12-lags_48-power_1-dist_ged-mean_HAR-vol_EGARCH,39.2054705619812,inf,
p02,ARCH-p_36-q_36-o_24-lags_24-power_1-dist_ged-mean_AR-vol_EGARCH,39.59409642219544,3.9093210198236875e+78,1.3542285258863207e+79
p02,ARCH-p_36-q_36-o_24-lags_24-power_1-dist_ged-mean_HAR-vol_EGARCH,40.7631106376648,inf,
p02,ARCH-p_36-q_36-o_24-lags_36-power_1-dist_ged-mean_AR-vol_EGARCH,40.17102766036987,inf,
p02,ARCH-p_36-q_36-o_24-lags_36-power_1-dist_ged-mean_HAR-vol_EGARCH,32.70527005195618,inf,
p02,ARCH-p_36-q_36-o_24-lags_48-power_1-dist_ged-mean_AR-vol_EGARCH,39.71102428436279,3.0619673119420218e+32,1.060696591079715e+33
p02,ARCH-p_36-q_36-o_24-lags_48-power_1-dist_ged-mean_HAR-vol_EGARCH,48.14516639709473,2.0635483369277387e+90,7.148341126866208e+90
p03,ARCH-p_15-q_12-o_12-lags_24-power_1-dist_ged-mean_AR-vol_EGARCH,15.493343830108644,4.837250075813782e+35,1.675672580045175e+36
p03,ARCH-p_15-q_12-o_12-lags_24-power_1-dist_ged-mean_HAR-vol_EGARCH,14.50768542289734,2.651603547444124,2.121451053588974
p03,ARCH-p_15-q_12-o_12-lags_36-power_1-dist_ged-mean_AR-vol_EGARCH,19.85816335678101,2.686850652348868,2.119817130519406
p03,ARCH-p_15-q_12-o_12-lags_36-power_1-dist_ged-mean_HAR-vol_EGARCH,18.499047994613647,2.6949384733981208,2.1003575042897915
p03,ARCH-p_15-q_12-o_12-lags_48-power_1-dist_ged-mean_AR-vol_EGARCH,23.189865827560425,6.121171665275659e+30,1.5419941132208791e+31
p03,ARCH-p_15-q_12-o_12-lags_48-power_1-dist_ged-mean_HAR-vol_EGARCH,22.322913885116577,2.6225446445859206,2.145451822252713
p03,ARCH-p_15-q_12-o_24-lags_24-power_1-dist_ged-mean_AR-vol_EGARCH,20.943444967269897,2.6980894374065483,2.108257504296582
p03,ARCH-p_15-q_12-o_24-lags_24-power_1-dist_ged-mean_HAR-vol_EGARCH,21.27693200111389,2.668026500605281,2.131317166524
p03,ARCH-p_15-q_12-o_24-lags_36-power_1-dist_ged-mean_AR-vol_EGARCH,24.15147876739502,2.6959904870802043,2.104676846751893
p03,ARCH-p_15-q_12-o_24-lags_36-power_1-dist_ged-mean_HAR-vol_EGARCH,25.099133014678955,2.674415832785517,2.1133895141908767
p03,ARCH-p_15-q_12-o_24-lags_48-power_1-dist_ged-mean_AR-vol_EGARCH,26.737865924835205,2.6388180668330325,2.065653040778606
p03,ARCH-p_15-q_12-o_24-lags_48-power_1-dist_ged-mean_HAR-vol_EGARCH,29.271456718444824,2.6703708856128565,2.0951346205789103
p03,ARCH-p_15-q_24-o_12-lags_24-power_1-dist_ged-mean_AR-vol_EGARCH,18.52248358726501,2.1021043146309205e+35,7.281899460414837e+35
p03,ARCH-p_15-q_24-o_12-lags_24-power_1-dist_ged-mean_HAR-vol_EGARCH,19.452582836151123,2.707921743465985,2.120424287601705
p03,ARCH-p_15-q_24-o_12-lags_36-power_1-dist_ged-mean_AR-vol_EGARCH,24.269078254699707,2.718319781669019,2.123044424351062
p03,ARCH-p_15-q_24-o_12-lags_36-power_1-dist_ged-mean_HAR-vol_EGARCH,23.38524460792541,2.7124841342439425,2.0980971027697057
p03,ARCH-p_15-q_24-o_12-lags_48-power_1-dist_ged-mean_AR-vol_EGARCH,29.83480668067932,153356673585.93707,531243100646.6737
p03,ARCH-p_15-q_24-o_12-lags_48-power_1-dist_ged-mean_HAR-vol_EGARCH,30.176331281661987,2.6732157500686937,2.1107831753682382
p03,ARCH-p_15-q_24-o_24-lags_24-power_1-dist_ged-mean_AR-vol_EGARCH,25.699718236923218,2.726036111827422,2.249727805400504
p03,ARCH-p_15-q_24-o_24-lags_24-power_1-dist_ged-mean_HAR-vol_EGARCH,25.97958540916443,2.655445416688403,2.1657446861976286
p03,ARCH-p_15-q_24-o_24-lags_36-power_1-dist_ged-mean_AR-vol_EGARCH,30.842406749725345,2.696833949367075,2.1110239323403137
p03,ARCH-p_15-q_24-o_24-lags_36-power_1-dist_ged-mean_HAR-vol_EGARCH,27.478595495224,2.667282939483404,2.1235132612563223
p03,ARCH-p_15-q_24-o_24-lags_48-power_1-dist_ged-mean_AR-vol_EGARCH,36.12652778625488,2.472470410550702,1.676727318803437
p03,ARCH-p_15-q_24-o_24-lags_48-power_1-dist_ged-mean_HAR-vol_EGARCH,34.58888101577759,2.6724519043617243,2.107135870246107
p03,ARCH-p_15-q_36-o_12-lags_24-power_1-dist_ged-mean_AR-vol_EGARCH,24.86405611038208,1.4073754687311777e+43,4.875291634336926e+43
p03,ARCH-p_15-q_36-o_12-lags_24-power_1-dist_ged-mean_HAR-vol_EGARCH,23.431958198547363,inf,
p03,ARCH-p_15-q_36-o_12-lags_36-power_1-dist_ged-mean_AR-vol_EGARCH,29.524580478668213,2.730080976494196,2.113315883847568
p03,ARCH-p_15-q_36-o_12-lags_36-power_1-dist_ged-mean_HAR-vol_EGARCH,31.101114511489868,2.695711965726298,2.1083514385155087
p03,ARCH-p_15-q_36-o_12-lags_48-power_1-dist_ged-mean_AR-vol_EGARCH,35.56629204750061,1395326.033012096,4833540.672679513
p03,ARCH-p_15-q_36-o_12-lags_48-power_1-dist_ged-mean_HAR-vol_EGARCH,34.82420325279236,2.6510209810300025,2.132339654647916
p03,ARCH-p_15-q_36-o_24-lags_24-power_1-dist_ged-mean_AR-vol_EGARCH,29.639424324035645,157763.461355317,421818.728536932
p03,ARCH-p_15-q_36-o_24-lags_24-power_1-dist_ged-mean_HAR-vol_EGARCH,31.931554794311523,2.716422408673902,2.1112271268511646
p03,ARCH-p_15-q_36-o_24-lags_36-power_1-dist_ged-mean_AR-vol_EGARCH,36.91396617889404,2.694263651818789,2.112919931004884
p03,ARCH-p_15-q_36-o_24-lags_36-power_1-dist_ged-mean_HAR-vol_EGARCH,35.071327209472656,3.222694056589497,2.5190117459484083
p03,ARCH-p_15-q_36-o_24-lags_48-power_1-dist_ged-mean_AR-vol_EGARCH,39.45427441596985,1364.2102008281952,4715.17469212252
p03,ARCH-p_15-q_36-o_24-lags_48-power_1-dist_ged-mean_HAR-vol_EGARCH,44.22771096229553,2.6925907249696803,2.1020769285268903
p03,ARCH-p_36-q_12-o_12-lags_24-power_1-dist_ged-mean_AR-vol_EGARCH,21.91724443435669,22870114538.6574,79224400701.03857
p03,ARCH-p_36-q_12-o_12-lags_24-power_1-dist_ged-mean_HAR-vol_EGARCH,24.26962161064148,3.0183896759233426,2.1058816934515616
p03,ARCH-p_36-q_12-o_12-lags_36-power_1-dist_ged-mean_AR-vol_EGARCH,28.52045249938965,3.945371410535433,3.27704846597433
p03,ARCH-p_36-q_12-o_12-lags_36-power_1-dist_ged-mean_HAR-vol_EGARCH,28.79006719589233,2.6692048961447896,2.1331025078947308
p03,ARCH-p_36-q_12-o_12-lags_48-power_1-dist_ged-mean_AR-vol_EGARCH,31.045735597610477,3.853856915029916e+49,1.3349826580443622e+50
p03,ARCH-p_36-q_12-o_12-lags_48-power_1-dist_ged-mean_HAR-vol_EGARCH,29.871517181396484,5.123051079100979e+27,1.7746769517546918e+28
p03,ARCH-p_36-q_12-o_24-lags_24-power_1-dist_ged-mean_AR-vol_EGARCH,26.244938373565677,1.6721495186765296e+32,5.792494951266297e+32
p03,ARCH-p_36-q_12-o_24-lags_24-power_1-dist_ged-mean_HAR-vol_EGARCH,27.697709321975708,7.180021941748072e+22,2.487232560513401e+23
p03,ARCH-p_36-q_12-o_24-lags_36-power_1-dist_ged-mean_AR-vol_EGARCH,35.376858949661255,2.1381093434327984e+43,7.406628029926679e+43
p03,ARCH-p_36-q_12-o_24-lags_36-power_1-dist_ged-mean_HAR-vol_EGARCH,37.2748327255249,2.662686759095321,2.1551535992782336
p03,ARCH-p_36-q_12-o_24-lags_48-power_1-dist_ged-mean_AR-vol_EGARCH,36.93190860748291,1.148465633024009e+66,3.978401654288674e+66
p03,ARCH-p_36-q_12-o_24-lags_48-power_1-dist_ged-mean_HAR-vol_EGARCH,42.32374382019043,2.6782310504122564,2.1082277134460305
p03,ARCH-p_36-q_24-o_12-lags_24-power_1-dist_ged-mean_AR-vol_EGARCH,26.52748250961304,2.072322484202538e+32,7.178735664612297e+32
p03,ARCH-p_36-q_24-o_12-lags_24-power_1-dist_ged-mean_HAR-vol_EGARCH,28.37362051010132,4.603189432144096,4.460544793775999
p03,ARCH-p_36-q_24-o_12-lags_36-power_1-dist_ged-mean_AR-vol_EGARCH,35.418275117874146,14.27802830377242,39.99359373384952
p03,ARCH-p_36-q_24-o_12-lags_36-power_1-dist_ged-mean_HAR-vol_EGARCH,31.67805004119873,2.7068983613741264,2.1031824789415685
p03,ARCH-p_36-q_24-o_12-lags_48-power_1-dist_ged-mean_AR-vol_EGARCH,42.064881563186646,1.329392103925132e+67,4.605149334358427e+67
p03,ARCH-p_36-q_24-o_12-lags_48-power_1-dist_ged-mean_HAR-vol_EGARCH,38.76434636116028,2.6745475960696083,2.108620773925036
p03,ARCH-p_36-q_24-o_24-lags_24-power_1-dist_ged-mean_AR-vol_EGARCH,32.44630599021912,1.4844879796152395e+36,5.1424170766588086e+36
p03,ARCH-p_36-q_24-o_24-lags_24-power_1-dist_ged-mean_HAR-vol_EGARCH,34.07239937782288,7.674011101640277e+32,2.658355425177714e+33
p03,ARCH-p_36-q_24-o_24-lags_36-power_1-dist_ged-mean_AR-vol_EGARCH,40.64310932159424,4.785378592216023e+54,1.6577037710341154e+55
p03,ARCH-p_36-q_24-o_24-lags_36-power_1-dist_ged-mean_HAR-vol_EGARCH,39.49815773963928,2.738516404355793,2.142274467195365
p03,ARCH-p_36-q_24-o_24-lags_48-power_1-dist_ged-mean_AR-vol_EGARCH,48.078487157821655,1.04796115970718e+51,3.607210840930243e+51
p03,ARCH-p_36-q_24-o_24-lags_48-power_1-dist_ged-mean_HAR-vol_EGARCH,47.56865668296814,2.677778888761352,2.097701076658097
p03,ARCH-p_36-q_36-o_12-lags_24-power_1-dist_ged-mean_AR-vol_EGARCH,30.016319036483765,inf,
p03,ARCH-p_36-q_36-o_12-lags_24-power_1-dist_ged-mean_HAR-vol_EGARCH,34.0738627910614,8.058317398791429,17.10230226481155
p03,ARCH-p_36-q_36-o_12-lags_36-power_1-dist_ged-mean_AR-vol_EGARCH,41.6600558757782,8.738994425563012,20.363826173191352
p03,ARCH-p_36-q_36-o_12-lags_36-power_1-dist_ged-mean_HAR-vol_EGARCH,39.09911131858826,2.653620773813698,2.12255704968178
p03,ARCH-p_36-q_36-o_12-lags_48-power_1-dist_ged-mean_AR-vol_EGARCH,50.18030953407288,4.050773872135873e+28,1.4032292313023694e+29
p03,ARCH-p_36-q_36-o_12-lags_48-power_1-dist_ged-mean_HAR-vol_EGARCH,42.93911290168762,5.923888561191636e+129,2.0520951932720012e+130
p03,ARCH-p_36-q_36-o_24-lags_24-power_1-dist_ged-mean_AR-vol_EGARCH,34.857940912246704,6.634221139226663e+68,2.298161616357612e+69
p03,ARCH-p_36-q_36-o_24-lags_24-power_1-dist_ged-mean_HAR-vol_EGARCH,40.15715193748474,96156397685439.94,333095532527948.2
p03,ARCH-p_36-q_36-o_24-lags_36-power_1-dist_ged-mean_AR-vol_EGARCH,48.902355432510376,297475379165229.94,1030484941429978.6
p03,ARCH-p_36-q_36-o_24-lags_36-power_1-dist_ged-mean_HAR-vol_EGARCH,50.81104636192322,2.652609712619402,2.1629202450238423
p03,ARCH-p_36-q_36-o_24-lags_48-power_1-dist_ged-mean_AR-vol_EGARCH,58.19842219352722,1.1714075810570477e+63,4.0578748935243285e+63
p03,ARCH-p_36-q_36-o_24-lags_48-power_1-dist_ged-mean_HAR-vol_EGARCH,51.71025824546814,4.785190634313427,7.072907924464349
p04,ARCH-p_15-q_12-o_12-lags_24-power_1-dist_ged-mean_AR-vol_EGARCH,13.398274421691896,1.5981798906736029,0.504516843506542
p04,ARCH-p_15-q_12-o_12-lags_24-power_1-dist_ged-mean_HAR-vol_EGARCH,12.689886093139648,1.5964337850768546,0.5077996949864795
p04,ARCH-p_15-q_12-o_12-lags_36-power_1-dist_ged-mean_AR-vol_EGARCH,16.015358686447144,1.6041954015075992,0.4912424797485123
p04,ARCH-p_15-q_12-o_12-lags_36-power_1-dist_ged-mean_HAR-vol_EGARCH,15.95246124267578,1.6009227615765056,0.4887712325574998
p04,ARCH-p_15-q_12-o_12-lags_48-power_1-dist_ged-mean_AR-vol_EGARCH,21.986404418945312,158247.5388279295,524842.5027103056
p04,ARCH-p_15-q_12-o_12-lags_48-power_1-dist_ged-mean_HAR-vol_EGARCH,20.902096271514893,1.5861579270407498,0.506771809732938
p04,ARCH-p_15-q_12-o_24-lags_24-power_1-dist_ged-mean_AR-vol_EGARCH,16.688424110412598,1.6009296043291814,0.4969741690663937
p04,ARCH-p_15-q_12-o_24-lags_24-power_1-dist_ged-mean_HAR-vol_EGARCH,18.23507833480835,1.6005065925953177,0.4970277892059985
p04,ARCH-p_15-q_12-o_24-lags_36-power_1-dist_ged-mean_AR-vol_EGARCH,20.163906574249268,1.5915473975308154,0.4967173146515
p04,ARCH-p_15-q_12-o_24-lags_36-power_1-dist_ged-mean_HAR-vol_EGARCH,21.868627309799194,1.5904993102017562,0.4960344380970196
p04,ARCH-p_15-q_12-o_24-lags_48-power_1-dist_ged-mean_AR-vol_EGARCH,26.34415912628174,1.6129833004644,0.4825924632068425
p04,ARCH-p_15-q_12-o_24-lags_48-power_1-dist_ged-mean_HAR-vol_EGARCH,24.479103088378903,1.5751422701826927,0.5208009465782829
p04,ARCH-p_15-q_24-o_12-lags_24-power_1-dist_ged-mean_AR-vol_EGARCH,17.818485260009766,423847926.2947788,1405744493.075601
p04,ARCH-p_15-q_24-o_12-lags_24-power_1-dist_ged-mean_HAR-vol_EGARCH,17.051714658737183,2.041075001059056,1.4620618442571165
p04,ARCH-p_15-q_24-o_12-lags_36-power_1-dist_ged-mean_AR-vol_EGARCH,20.75244379043579,3.0695463233368867e+87,1.0180533431123394e+88
p04,ARCH-p_15-q_24-o_12-lags_36-power_1-dist_ged-mean_HAR-vol_EGARCH,21.188187837600708,4.9388053081092105,10.97375073755058
p04,ARCH-p_15-q_24-o_12-lags_48-power_1-dist_ged-mean_AR-vol_EGARCH,24.70627236366272,4539629934.164228,15056249172.51703
p04,ARCH-p_15-q_24-o_12-lags_48-power_1-dist_ged-mean_HAR-vol_EGARCH,26.601098775863647,1.589296566549785,0.5169995776588568
p04,ARCH-p_15-q_24-o_24-lags_24-power_1-dist_ged-mean_AR-vol_EGARCH,22.64616441726685,1.59791711509751,0.5059188927639515
p04,ARCH-p_15-q_24-o_24-lags_24-power_1-dist_ged-mean_HAR-vol_EGARCH,22.313677310943604,1.5924126196534092,0.5125298209355331
p04,ARCH-p_15-q_24-o_24-lags_36-power_1-dist_ged-mean_AR-vol_EGARCH,25.57714867591858,1.608605339663645,0.4831979792331355
p04,ARCH-p_15-q_24-o_24-lags_36-power_1-dist_ged-mean_HAR-vol_EGARCH,29.99193286895752,1.5955448245764998,0.4936276291900876
p04,ARCH-p_15-q_24-o_24-lags_48-power_1-dist_ged-mean_AR-vol_EGARCH,30.087780952453613,1.6153018974898463,0.4842868856163005
p04,ARCH-p_15-q_24-o_24-lags_48-power_1-dist_ged-mean_HAR-vol_EGARCH,31.13473463058472,1.5857092627454843,0.508710233106038
p04,ARCH-p_15-q_36-o_12-lags_24-power_1-dist_ged-mean_AR-vol_EGARCH,20.91373991966248,5006343.41162003,16603893.445532557
p04,ARCH-p_15-q_36-o_12-lags_24-power_1-dist_ged-mean_HAR-vol_EGARCH,20.78533172607422,1.6129386793662537,0.5031503127864562
p04,ARCH-p_15-q_36-o_12-lags_36-power_1-dist_ged-mean_AR-vol_EGARCH,24.885789155960083,6.838243601120145e+20,2.2666422462111364e+21
p04,ARCH-p_15-q_36-o_12-lags_36-power_1-dist_ged-mean_HAR-vol_EGARCH,25.900319576263428,1.6580186455467307,0.563603411573396
p04,ARCH-p_15-q_36-o_12-lags_48-power_1-dist_ged-mean_AR-vol_EGARCH,31.7831928730011,115933977777.2478,384509504735.2419
p04,ARCH-p_15-q_36-o_12-lags_48-power_1-dist_ged-mean_HAR-vol_EGARCH,30.85309863090515,1.5950333166383066,0.5142866551595076
p04,ARCH-p_15-q_36-o_24-lags_24-power_1-dist_ged-mean_AR-vol_EGARCH,26.955158233642575,1.603059472459108,0.5024009428967742
p04,ARCH-p_15-q_36-o_24-lags_24-power_1-dist_ged-mean_HAR-vol_EGARCH,30.25024700164795,1.603059296502929,0.5028917715994202
p04,ARCH-p_15-q_36-o_24-lags_36-power_1-dist_ged-mean_AR-vol_EGARCH,30.035184621810917,1.6051910483625278,0.4896211432226602
p04,ARCH-p_15-q_36-o_24-lags_36-power_1-dist_ged-mean_HAR-vol_EGARCH,29.882665634155277,1.595307535233044,0.4979914816661636
p04,ARCH-p_15-q_36-o_24-lags_48-power_1-dist_ged-mean_AR-vol_EGARCH,37.67710208892822,1.764724170652228,0.5657413886911956
p04,ARCH-p_15-q_36-o_24-lags_48-power_1-dist_ged-mean_HAR-vol_EGARCH,34.879024505615234,1.5968957818404754,0.5029145732549987
p04,ARCH-p_36-q_12-o_12-lags_24-power_1-dist_ged-mean_AR-vol_EGARCH,19.993579864501957,1.2369405857488838e+59,4.102467810891477e+59
p04,ARCH-p_36-q_12-o_12-lags_24-power_1-dist_ged-mean_HAR-vol_EGARCH,20.94052672386169,1.6039474435601164,0.4919413530679781
p04,ARCH-p_36-q_12-o_12-lags_36-power_1-dist_ged-mean_AR-vol_EGARCH,27.077614545822144,5.876269322113265e+37,1.9489380508477107e+38
p04,ARCH-p_36-q_12-o_12-lags_36-power_1-dist_ged-mean_HAR-vol_EGARCH,23.886369705200195,1.5953191401918867,0.4973866721122758
p04,ARCH-p_36-q_12-o_12-lags_48-power_1-dist_ged-mean_AR-vol_EGARCH,29.742189168930054,1.4545905969895352e+69,4.824331233793354e+69
p04,ARCH-p_36-q_12-o_12-lags_48-power_1-dist_ged-mean_HAR-vol_EGARCH,29.972952604293823,1.6044040088896687,0.4941497869540183
p04,ARCH-p_36-q_12-o_24-lags_24-power_1-dist_ged-mean_AR-vol_EGARCH,24.256264209747314,inf,
p04,ARCH-p_36-q_12-o_24-lags_24-power_1-dist_ged-mean_HAR-vol_EGARCH,21.79489779472351,8.511114959140706e+88,2.8228174867050746e+89
p04,ARCH-p_36-q_12-o_24-lags_36-power_1-dist_ged-mean_AR-vol_EGARCH,29.61240839958191,4.6442388198984185e+44,1.5403197602388315e+45
p04,ARCH-p_36-q_12-o_24-lags_36-power_1-dist_ged-mean_HAR-vol_EGARCH,21.32678532600403,inf,
p04,ARCH-p_36-q_12-o_24-lags_48-power_1-dist_ged-mean_AR-vol_EGARCH,32.79074454307556,1.6343311076987602e+31,4.281387422470534e+31
p04,ARCH-p_36-q_12-o_24-lags_48-power_1-dist_ged-mean_HAR-vol_EGARCH,32.0992329120636,1.2381632908710252e+51,4.106523065010866e+51
p04,ARCH-p_36-q_24-o_12-lags_24-power_1-dist_ged-mean_AR-vol_EGARCH,25.46873164176941,1.5997063403241405e+22,5.305625705607756e+22
p04,ARCH-p_36-q_24-o_12-lags_24-power_1-dist_ged-mean_HAR-vol_EGARCH,27.32340240478516,1.599968121998976,0.5020832243883936
p04,ARCH-p_36-q_24-o_12-lags_36-power_1-dist_ged-mean_AR-vol_EGARCH,30.721126794815063,4.417953196662601e+26,1.465269309468107e+27
p04,ARCH-p_36-q_24-o_12-lags_36-power_1-dist_ged-mean_HAR-vol_EGARCH,29.974782466888428,1.592975773351255,0.5053432085157089
p04,ARCH-p_36-q_24-o_12-lags_48-power_1-dist_ged-mean_AR-vol_EGARCH,36.2440824508667,1.5677689326162352,0.4838293680339095
p04,ARCH-p_36-q_24-o_12-lags_48-power_1-dist_ged-mean_HAR-vol_EGARCH,32.77782392501831,1.5965170407613682,0.4957272888834796
p04,ARCH-p_36-q_24-o_24-lags_24-power_1-dist_ged-mean_AR-vol_EGARCH,33.50138783454895,4.0653992996903244e+49,1.3483404100046415e+50
p04,ARCH-p_36-q_24-o_24-lags_24-power_1-dist_ged-mean_HAR-vol_EGARCH,30.590139865875244,1.6273101527124345,0.4720864483244838
p04,ARCH-p_36-q_24-o_24-lags_36-power_1-dist_ged-mean_AR-vol_EGARCH,27.231175422668457,inf,
p04,ARCH-p_36-q_24-o_24-lags_36-power_1-dist_ged-mean_HAR-vol_EGARCH,37.54034185409546,26.980677661703325,81.76033411322035
p04,ARCH-p_36-q_24-o_24-lags_48-power_1-dist_ged-mean_AR-vol_EGARCH,40.80529475212097,1.5927539524569907e+27,5.093290256913875e+27
p04,ARCH-p_36-q_24-o_24-lags_48-power_1-dist_ged-mean_HAR-vol_EGARCH,42.10315179824829,1.5940531026921076,0.5159835311326813
p04,ARCH-p_36-q_36-o_12-lags_24-power_1-dist_ged-mean_AR-vol_EGARCH,32.20865297317505,1.634690878996784,0.5206587573766378
p04,ARCH-p_36-q_36-o_12-lags_24-power_1-dist_ged-mean_HAR-vol_EGARCH,32.63340258598328,1.6123514615287986,0.4962993032754483
p04,ARCH-p_36-q_36-o_12-lags_36-power_1-dist_ged-mean_AR-vol_EGARCH,35.2452666759491,578088059049.0702,1917301187645.3623
p04,ARCH-p_36-q_36-o_12-lags_36-power_1-dist_ged-mean_HAR-vol_EGARCH,37.36749839782715,1.5985149747879033,0.4963156414702089
p04,ARCH-p_36-q_36-o_12-lags_48-power_1-dist_ged-mean_AR-vol_EGARCH,44.81305265426636,1.6443411675185875,0.5202865039490816
p04,ARCH-p_36-q_36-o_12-lags_48-power_1-dist_ged-mean_HAR-vol_EGARCH,40.289870738983154,1.5999890321641694,0.4997845539418707
p04,ARCH-p_36-q_36-o_24-lags_24-power_1-dist_ged-mean_AR-vol_EGARCH,38.44833564758301,5.78808665651476e+43,1.9196911693720707e+44
p04,ARCH-p_36-q_36-o_24-lags_24-power_1-dist_ged-mean_HAR-vol_EGARCH,40.892086029052734,1.6243176957169043,0.4823622086158418
p04,ARCH-p_36-q_36-o_24-lags_36-power_1-dist_ged-mean_AR-vol_EGARCH,42.33469295501709,1.8131738523730627e+37,6.013612429536884e+37
p04,ARCH-p_36-q_36-o_24-lags_36-power_1-dist_ged-mean_HAR-vol_EGARCH,45.03355050086975,2.1301213810205737,1.9274892112170448
p04,ARCH-p_36-q_36-o_24-lags_48-power_1-dist_ged-mean_AR-vol_EGARCH,51.65222668647766,3.930121287770713e+17,1.3033910996524334e+18
p04,ARCH-p_36-q_36-o_24-lags_48-power_1-dist_ged-mean_HAR-vol_EGARCH,51.0972900390625,1.590705342802618,0.5184102787788023
p10,ARCH-p_15-q_12-o_12-lags_24-power_1-dist_ged-mean_AR-vol_EGARCH,13.166510581970217,1.4550326136797678,0.6523313892316583
p10,ARCH-p_15-q_12-o_12-lags_24-power_1-dist_ged-mean_HAR-vol_EGARCH,13.299752235412598,1.4517402168628668,0.6467643836404408
p10,ARCH-p_15-q_12-o_12-lags_36-power_1-dist_ged-mean_AR-vol_EGARCH,18.08329176902771,1.4434819082146175,0.6427519248801978
p10,ARCH-p_15-q_12-o_12-lags_36-power_1-dist_ged-mean_HAR-vol_EGARCH,16.788090467453003,1.4933619178001911,0.6234897840100663
p10,ARCH-p_15-q_12-o_12-lags_48-power_1-dist_ged-mean_AR-vol_EGARCH,20.93241000175476,1.4157315523741938,0.6519041372226729
p10,ARCH-p_15-q_12-o_12-lags_48-power_1-dist_ged-mean_HAR-vol_EGARCH,20.27908229827881,1.4146955890175523,0.6548935033533173
p10,ARCH-p_15-q_12-o_24-lags_24-power_1-dist_ged-mean_AR-vol_EGARCH,18.47826051712036,1.4525702256738244,0.6507449979008957
p10,ARCH-p_15-q_12-o_24-lags_24-power_1-dist_ged-mean_HAR-vol_EGARCH,18.93185591697693,1.4559653371037298,0.6551160608752831
p10,ARCH-p_15-q_12-o_24-lags_36-power_1-dist_ged-mean_AR-vol_EGARCH,23.024152040481567,1.4537210971067298,0.6600476574082973
p10,ARCH-p_15-q_12-o_24-lags_36-power_1-dist_ged-mean_HAR-vol_EGARCH,21.955499172210693,1.4390326945428238,0.6406950073978881
p10,ARCH-p_15-q_12-o_24-lags_48-power_1-dist_ged-mean_AR-vol_EGARCH,26.98402309417725,1.4032038086896714,0.6554112926429548
p10,ARCH-p_15-q_12-o_24-lags_48-power_1-dist_ged-mean_HAR-vol_EGARCH,26.19173240661621,1.4117202286545731,0.6522455568976792
p10,ARCH-p_15-q_24-o_12-lags_24-power_1-dist_ged-mean_AR-vol_EGARCH,20.191558122634888,1.6707680512627916,1.1336621128122428
p10,ARCH-p_15-q_24-o_12-lags_24-power_1-dist_ged-mean_HAR-vol_EGARCH,18.430274486541748,1.4651321106593798,0.6678470711930852
p10,ARCH-p_15-q_24-o_12-lags_36-power_1-dist_ged-mean_AR-vol_EGARCH,21.09949231147766,42154.31965626479,139805.06949994504
p10,ARCH-p_15-q_24-o_12-lags_36-power_1-dist_ged-mean_HAR-vol_EGARCH,22.331490755081177,3.4255772730927227e+31,1.1361354505217372e+32
p10,ARCH-p_15-q_24-o_12-lags_48-power_1-dist_ged-mean_AR-vol_EGARCH,27.20278763771057,1.4207394791177002,0.6309987052245577
p10,ARCH-p_15-q_24-o_12-lags_48-power_1-dist_ged-mean_HAR-vol_EGARCH,25.358276844024655,1.4058227006564348,0.6438702020448268
p10,ARCH-p_15-q_24-o_24-lags_24-power_1-dist_ged-mean_AR-vol_EGARCH,23.688130140304565,1.472723530315356,0.6772562002749899
p10,ARCH-p_15-q_24-o_24-lags_24-power_1-dist_ged-mean_HAR-vol_EGARCH,21.88746809959412,1.464676671583431,0.666782410848299
p10,ARCH-p_15-q_24-o_24-lags_36-power_1-dist_ged-mean_AR-vol_EGARCH,28.9914186000824,1.451659371649143,0.6523250149304116
p10,ARCH-p_15-q_24-o_24-lags_36-power_1-dist_ged-mean_HAR-vol_EGARCH,28.07454490661621,1.51849687339418,0.7758407616421977
p10,ARCH-p_15-q_24-o_24-lags_48-power_1-dist_ged-mean_AR-vol_EGARCH,31.906614780426025,1.4119974858643505,0.6560750375947424
p10,ARCH-p_15-q_24-o_24-lags_48-power_1-dist_ged-mean_HAR-vol_EGARCH,33.15852379798889,1.4143998280667665,0.6533321975838052
p10,ARCH-p_15-q_36-o_12-lags_24-power_1-dist_ged-mean_AR-vol_EGARCH,21.580868244171143,1.641510463316218,0.8297138706099366
p10,ARCH-p_15-q_36-o_12-lags_24-power_1-dist_ged-mean_HAR-vol_EGARCH,23.19509720802307,1.4565216508974748,0.6586174205627251
p10,ARCH-p_15-q_36-o_12-lags_36-power_1-dist_ged-mean_AR-vol_EGARCH,26.87031650543213,3510.715893035728,11638.750394586375
p10,ARCH-p_15-q_36-o_12-lags_36-power_1-dist_ged-mean_HAR-vol_EGARCH,25.516205310821533,1.4463354383842997,0.6522580206564641
p10,ARCH-p_15-q_36-o_12-lags_48-power_1-dist_ged-mean_AR-vol_EGARCH,33.16129851341248,1.4182207154621649,0.618343870118907
p10,ARCH-p_15-q_36-o_12-lags_48-power_1-dist_ged-mean_HAR-vol_EGARCH,32.66432976722717,1.4075947375482905,0.6438649869742044
p10,ARCH-p_15-q_36-o_24-lags_24-power_1-dist_ged-mean_AR-vol_EGARCH,28.6685848236084,1.4530975939043027,0.6482907859596609
p10,ARCH-p_15-q_36-o_24-lags_24-power_1-dist_ged-mean_HAR-vol_EGARCH,27.15935468673706,1.456049887190708,0.6498072320772764
p10,ARCH-p_15-q_36-o_24-lags_36-power_1-dist_ged-mean_AR-vol_EGARCH,32.77033257484436,13582608074451.062,45048414657400.8
p10,ARCH-p_15-q_36-o_24-lags_36-power_1-dist_ged-mean_HAR-vol_EGARCH,33.44882822036743,1.4413846670871744,0.6423110531949857
p10,ARCH-p_15-q_36-o_24-lags_48-power_1-dist_ged-mean_AR-vol_EGARCH,37.14947962760925,1.4345605542114048,0.6262954673591552
p10,ARCH-p_15-q_36-o_24-lags_48-power_1-dist_ged-mean_HAR-vol_EGARCH,39.33059906959534,1.4104206363738423,0.6491826897021364
p10,ARCH-p_36-q_12-o_12-lags_24-power_1-dist_ged-mean_AR-vol_EGARCH,20.668708562850952,inf,
p10,ARCH-p_36-q_12-o_12-lags_24-power_1-dist_ged-mean_HAR-vol_EGARCH,20.153170585632324,inf,
p10,ARCH-p_36-q_12-o_12-lags_36-power_1-dist_ged-mean_AR-vol_EGARCH,26.143073797225952,2136.8323360648906,7082.389821400352
p10,ARCH-p_36-q_12-o_12-lags_36-power_1-dist_ged-mean_HAR-vol_EGARCH,26.50138902664185,5542.059092012056,18376.259214706784
p10,ARCH-p_36-q_12-o_12-lags_48-power_1-dist_ged-mean_AR-vol_EGARCH,30.409979104995728,inf,
p10,ARCH-p_36-q_12-o_12-lags_48-power_1-dist_ged-mean_HAR-vol_EGARCH,30.961201906204224,inf,
p10,ARCH-p_36-q_12-o_24-lags_24-power_1-dist_ged-mean_AR-vol_EGARCH,26.5693953037262,1.0236099814223266e+112,3.3949302400405192e+112
p10,ARCH-p_36-q_12-o_24-lags_24-power_1-dist_ged-mean_HAR-vol_EGARCH,25.59748125076294,inf,
p10,ARCH-p_36-q_12-o_24-lags_36-power_1-dist_ged-mean_AR-vol_EGARCH,32.072569608688354,inf,
p10,ARCH-p_36-q_12-o_24-lags_36-power_1-dist_ged-mean_HAR-vol_EGARCH,30.50932240486145,inf,
p10,ARCH-p_36-q_12-o_24-lags_48-power_1-dist_ged-mean_AR-vol_EGARCH,36.18749451637268,inf,
p10,ARCH-p_36-q_12-o_24-lags_48-power_1-dist_ged-mean_HAR-vol_EGARCH,38.90714550018311,inf,
p10,ARCH-p_36-q_24-o_12-lags_24-power_1-dist_ged-mean_AR-vol_EGARCH,26.51608943939209,1.5035348505084905,0.6294938696284663
p10,ARCH-p_36-q_24-o_12-lags_24-power_1-dist_ged-mean_HAR-vol_EGARCH,26.971579551696777,1.4754663892820217,0.6767707148714102
p10,ARCH-p_36-q_24-o_12-lags_36-power_1-dist_ged-mean_AR-vol_EGARCH,30.828604221343998,1.457869672322645,0.6251486088110096
p10,ARCH-p_36-q_24-o_12-lags_36-power_1-dist_ged-mean_HAR-vol_EGARCH,31.369002103805546,1.8343263122450384,1.1018751576791797
p10,ARCH-p_36-q_24-o_12-lags_48-power_1-dist_ged-mean_AR-vol_EGARCH,36.74398446083069,2.5621735281652693,3.642600276014692
p10,ARCH-p_36-q_24-o_12-lags_48-power_1-dist_ged-mean_HAR-vol_EGARCH,44.21325731277466,1.4220797435397798,0.6519269385677807
p10,ARCH-p_36-q_24-o_24-lags_24-power_1-dist_ged-mean_AR-vol_EGARCH,33.45907211303711,2.0114081154900125,1.5911000474131325
p10,ARCH-p_36-q_24-o_24-lags_24-power_1-dist_ged-mean_HAR-vol_EGARCH,31.38416624069214,1.4673659234263985,0.672434400911514
p10,ARCH-p_36-q_24-o_24-lags_36-power_1-dist_ged-mean_AR-vol_EGARCH,35.69111490249634,1.6150519685034694,0.6024794511681963
p10,ARCH-p_36-q_24-o_24-lags_36-power_1-dist_ged-mean_HAR-vol_EGARCH,40.85262489318848,1.4702239886955042,0.5896867236742324
p10,ARCH-p_36-q_24-o_24-lags_48-power_1-dist_ged-mean_AR-vol_EGARCH,42.73603439331055,1.5650089799126905,0.6999452662610811
p10,ARCH-p_36-q_24-o_24-lags_48-power_1-dist_ged-mean_HAR-vol_EGARCH,49.99254441261292,1.405599777625114,0.6492352450509137
p10,ARCH-p_36-q_36-o_12-lags_24-power_1-dist_ged-mean_AR-vol_EGARCH,34.77479577064514,1320689544.3321698,4380231677.97813
p10,ARCH-p_36-q_36-o_12-lags_24-power_1-dist_ged-mean_HAR-vol_EGARCH,33.13864994049072,1.5357929602910003,0.6444592886131753
p10,ARCH-p_36-q_36-o_12-lags_36-power_1-dist_ged-mean_AR-vol_EGARCH,29.78130269050598,inf,
p10,ARCH-p_36-q_36-o_12-lags_36-power_1-dist_ged-mean_HAR-vol_EGARCH,37.40626931190491,1.6766942888764382,0.8610037508647372
p10,ARCH-p_36-q_36-o_12-lags_48-power_1-dist_ged-mean_AR-vol_EGARCH,43.27843713760376,423.32686847773607,1399.2168661249484
p10,ARCH-p_36-q_36-o_12-lags_48-power_1-dist_ged-mean_HAR-vol_EGARCH,44.64596343040466,1.4341000354082685,0.6554420876436515
p10,ARCH-p_36-q_36-o_24-lags_24-power_1-dist_ged-mean_AR-vol_EGARCH,39.550455808639526,3.2552059580132866e+23,1.0796296778059464e+24
p10,ARCH-p_36-q_36-o_24-lags_24-power_1-dist_ged-mean_HAR-vol_EGARCH,40.59200167655945,1.4932229797216685,0.6449464300970812
p10,ARCH-p_36-q_36-o_24-lags_36-power_1-dist_ged-mean_AR-vol_EGARCH,45.78330898284912,inf,
p10,ARCH-p_36-q_36-o_24-lags_36-power_1-dist_ged-mean_HAR-vol_EGARCH,40.59824538230896,1.201498399174868e+43,3.984919376275696e+43
p10,ARCH-p_36-q_36-o_24-lags_48-power_1-dist_ged-mean_AR-vol_EGARCH,49.8175265789032,2.189339784039e+35,7.261218602255084e+35
p10,ARCH-p_36-q_36-o_24-lags_48-power_1-dist_ged-mean_HAR-vol_EGARCH,56.42714667320252,1.7527061686343932,1.4753420575069132
p11,ARCH-p_15-q_12-o_12-lags_24-power_1-dist_ged-mean_AR-vol_EGARCH,13.754735231399536,2.458067040562191,1.0601847892612022
p11,ARCH-p_15-q_12-o_12-lags_24-power_1-dist_ged-mean_HAR-vol_EGARCH,13.866305828094482,2.3941391568246706,1.094189466819846
p11,ARCH-p_15-q_12-o_12-lags_36-power_1-dist_ged-mean_AR-vol_EGARCH,16.31152844429016,2.3962030870124558,1.1141440546117598
p11,ARCH-p_15-q_12-o_12-lags_36-power_1-dist_ged-mean_HAR-vol_EGARCH,16.578370809555054,2.3934918007763417,1.1202722808468133
p11,ARCH-p_15-q_12-o_12-lags_48-power_1-dist_ged-mean_AR-vol_EGARCH,21.11579918861389,2.424418995206999,1.0966045555772606
p11,ARCH-p_15-q_12-o_12-lags_48-power_1-dist_ged-mean_HAR-vol_EGARCH,19.73160195350647,2.5336923425038247,1.089278726350022
p11,ARCH-p_15-q_12-o_24-lags_24-power_1-dist_ged-mean_AR-vol_EGARCH,16.872214794158936,2.395951121409221,1.0980048293359104
p11,ARCH-p_15-q_12-o_24-lags_24-power_1-dist_ged-mean_HAR-vol_EGARCH,17.771378755569458,2.3982736186573765,1.090150568360851
p11,ARCH-p_15-q_12-o_24-lags_36-power_1-dist_ged-mean_AR-vol_EGARCH,22.04522204399109,2.398579852775716,1.1081458132917328
p11,ARCH-p_15-q_12-o_24-lags_36-power_1-dist_ged-mean_HAR-vol_EGARCH,20.81917881965637,2.3922234044518054,1.114979589663024
p11,ARCH-p_15-q_12-o_24-lags_48-power_1-dist_ged-mean_AR-vol_EGARCH,28.424713134765625,2.4393096762746214,1.1031290739805224
p11,ARCH-p_15-q_12-o_24-lags_48-power_1-dist_ged-mean_HAR-vol_EGARCH,27.105475902557373,2.4195546220460424,1.1140570825126064
p11,ARCH-p_15-q_24-o_12-lags_24-power_1-dist_ged-mean_AR-vol_EGARCH,17.703497171401978,2.4074161944893464,1.1012152465044986
p11,ARCH-p_15-q_24-o_12-lags_24-power_1-dist_ged-mean_HAR-vol_EGARCH,17.465217113494873,2.413723280194421,1.0978540347716292
p11,ARCH-p_15-q_24-o_12-lags_36-power_1-dist_ged-mean_AR-vol_EGARCH,22.329344511032104,2.612061583281514,1.6437951142464533
p11,ARCH-p_15-q_24-o_12-lags_36-power_1-dist_ged-mean_HAR-vol_EGARCH,21.22896933555603,2.410470955888829,1.1143830762527112
p11,ARCH-p_15-q_24-o_12-lags_48-power_1-dist_ged-mean_AR-vol_EGARCH,27.78374934196472,2.4307418982080686,1.1147621136787411
p11,ARCH-p_15-q_24-o_12-lags_48-power_1-dist_ged-mean_HAR-vol_EGARCH,26.969988107681274,2.4240159837820374,1.1088460153752606
p11,ARCH-p_15-q_24-o_24-lags_24-power_1-dist_ged-mean_AR-vol_EGARCH,22.972002744674683,2.3975119028916416,1.0887433211021422
p11,ARCH-p_15-q_24-o_24-lags_24-power_1-dist_ged-mean_HAR-vol_EGARCH,21.61158227920532,2.403444518493665,1.089025699729552
p11,ARCH-p_15-q_24-o_24-lags_36-power_1-dist_ged-mean_AR-vol_EGARCH,25.46674394607544,2.4175411257685737,1.1045230114415017
p11,ARCH-p_15-q_24-o_24-lags_36-power_1-dist_ged-mean_HAR-vol_EGARCH,26.78516459465027,2.401844012217374,1.11856237557606
p11,ARCH-p_15-q_24-o_24-lags_48-power_1-dist_ged-mean_AR-vol_EGARCH,34.77760076522827,2.460681201703642,1.104670873016825
p11,ARCH-p_15-q_24-o_24-lags_48-power_1-dist_ged-mean_HAR-vol_EGARCH,30.42772483825684,2.413884507144477,1.1256605790834575
p11,ARCH-p_15-q_36-o_12-lags_24-power_1-dist_ged-mean_AR-vol_EGARCH,23.0970995426178,2.4116922412779203,1.0926965698573947
p11,ARCH-p_15-q_36-o_12-lags_24-power_1-dist_ged-mean_HAR-vol_EGARCH,23.60937547683716,2.4033737030130524,1.0947224118008223
p11,ARCH-p_15-q_36-o_12-lags_36-power_1-dist_ged-mean_AR-vol_EGARCH,27.88831853866577,2.4058684642734325,1.100294215895671
p11,ARCH-p_15-q_36-o_12-lags_36-power_1-dist_ged-mean_HAR-vol_EGARCH,27.61040735244751,2.5693800474068507,1.0917796671525186
p11,ARCH-p_15-q_36-o_12-lags_48-power_1-dist_ged-mean_AR-vol_EGARCH,33.28646445274353,2.431412454601271,1.111567530519801
p11,ARCH-p_15-q_36-o_12-lags_48-power_1-dist_ged-mean_HAR-vol_EGARCH,32.85538649559021,2.4224238439875365,1.120876635808656
p11,ARCH-p_15-q_36-o_24-lags_24-power_1-dist_ged-mean_AR-vol_EGARCH,31.043052911758423,2.418216910369131,1.0889303194217606
p11,ARCH-p_15-q_36-o_24-lags_24-power_1-dist_ged-mean_HAR-vol_EGARCH,28.672457933425903,2.42710974224719,1.082667814992886
p11,ARCH-p_15-q_36-o_24-lags_36-power_1-dist_ged-mean_AR-vol_EGARCH,33.51655721664429,2.4236800699407866,1.1161425647216328
p11,ARCH-p_15-q_36-o_24-lags_36-power_1-dist_ged-mean_HAR-vol_EGARCH,36.70784020423889,2.411147810021466,1.1037584088212455
p11,ARCH-p_15-q_36-o_24-lags_48-power_1-dist_ged-mean_AR-vol_EGARCH,39.7849006652832,2.41949029181304,1.120141216382878
p11,ARCH-p_15-q_36-o_24-lags_48-power_1-dist_ged-mean_HAR-vol_EGARCH,39.09350514411926,2.4298658490662066,1.1026440577817105
p11,ARCH-p_36-q_12-o_12-lags_24-power_1-dist_ged-mean_AR-vol_EGARCH,23.26944613456726,2.4035441620757805,1.098949733905679
p11,ARCH-p_36-q_12-o_12-lags_24-power_1-dist_ged-mean_HAR-vol_EGARCH,21.383617162704468,2.4014044744529848,1.1029770956695426
p11,ARCH-p_36-q_12-o_12-lags_36-power_1-dist_ged-mean_AR-vol_EGARCH,24.09544038772583,2.441381739737734,1.086954885945158
p11,ARCH-p_36-q_12-o_12-lags_36-power_1-dist_ged-mean_HAR-vol_EGARCH,25.887351512908936,2.4097082700138066,1.09254168964095
p11,ARCH-p_36-q_12-o_12-lags_48-power_1-dist_ged-mean_AR-vol_EGARCH,30.79886269569397,2.4170771061453498,1.1136999305197786
p11,ARCH-p_36-q_12-o_12-lags_48-power_1-dist_ged-mean_HAR-vol_EGARCH,31.42369484901428,2.4254448686057004,1.1090359785821164
p11,ARCH-p_36-q_12-o_24-lags_24-power_1-dist_ged-mean_AR-vol_EGARCH,25.627253770828247,2.3920494104814227,1.1237032980520414
p11,ARCH-p_36-q_12-o_24-lags_24-power_1-dist_ged-mean_HAR-vol_EGARCH,27.019193649291992,2.3984984553085384,1.0927300161696538
p11,ARCH-p_36-q_12-o_24-lags_36-power_1-dist_ged-mean_AR-vol_EGARCH,29.23530864715576,2.4225079780963963,1.0883950637175352
p11,ARCH-p_36-q_12-o_24-lags_36-power_1-dist_ged-mean_HAR-vol_EGARCH,37.90476322174072,2.4465378757336427,1.0726250115398568
p11,ARCH-p_36-q_12-o_24-lags_48-power_1-dist_ged-mean_AR-vol_EGARCH,43.03459882736206,2.4343064378443287,1.1106935887417442
p11,ARCH-p_36-q_12-o_24-lags_48-power_1-dist_ged-mean_HAR-vol_EGARCH,37.11746096611023,2.4370255163572603,1.1010035480136575
p11,ARCH-p_36-q_24-o_12-lags_24-power_1-dist_ged-mean_AR-vol_EGARCH,25.77845072746277,4.780174570850828e+106,1.585404548391034e+107
p11,ARCH-p_36-q_24-o_12-lags_24-power_1-dist_ged-mean_HAR-vol_EGARCH,27.05159473419189,2.3932016895412502,1.1121405732159768
p11,ARCH-p_36-q_24-o_12-lags_36-power_1-dist_ged-mean_AR-vol_EGARCH,31.05167245864868,2.4697743346652223,1.1564701347489317
p11,ARCH-p_36-q_24-o_12-lags_36-power_1-dist_ged-mean_HAR-vol_EGARCH,35.6058304309845,2.4099503160976625,1.0977052870239417
p11,ARCH-p_36-q_24-o_12-lags_48-power_1-dist_ged-mean_AR-vol_EGARCH,41.116647481918335,2.4537471180548165,1.049494696102599
p11,ARCH-p_36-q_24-o_12-lags_48-power_1-dist_ged-mean_HAR-vol_EGARCH,38.62872004508972,5.793114735448017,10.979844900082066
p11,ARCH-p_36-q_24-o_24-lags_24-power_1-dist_ged-mean_AR-vol_EGARCH,32.44251823425293,2.4138923153544005,1.109459672753745
p11,ARCH-p_36-q_24-o_24-lags_24-power_1-dist_ged-mean_HAR-vol_EGARCH,33.95804286003113,2.428478346138992,1.0828967504791591
p11,ARCH-p_36-q_24-o_24-lags_36-power_1-dist_ged-mean_AR-vol_EGARCH,35.86507701873779,2.039897360410378e+94,6.765574155317604e+94
p11,ARCH-p_36-q_24-o_24-lags_36-power_1-dist_ged-mean_HAR-vol_EGARCH,35.98818874359131,2.437935527976357,1.081291092807921
p11,ARCH-p_36-q_24-o_24-lags_48-power_1-dist_ged-mean_AR-vol_EGARCH,41.045867681503296,2.420657112400502,1.064137919955823
p11,ARCH-p_36-q_24-o_24-lags_48-power_1-dist_ged-mean_HAR-vol_EGARCH,43.70685386657715,2.437005608547337,1.1209618733771944
p11,ARCH-p_36-q_36-o_12-lags_24-power_1-dist_ged-mean_AR-vol_EGARCH,31.711863040924072,8.168941770155426e+58,2.7093314785867214e+59
p11,ARCH-p_36-q_36-o_12-lags_24-power_1-dist_ged-mean_HAR-vol_EGARCH,31.92848801612854,8.523379693504419e+72,2.826885238908857e+73
p11,ARCH-p_36-q_36-o_12-lags_36-power_1-dist_ged-mean_AR-vol_EGARCH,41.6089141368866,1381335.440098463,4581145.262047618
p11,ARCH-p_36-q_36-o_12-lags_36-power_1-dist_ged-mean_HAR-vol_EGARCH,32.84302616119385,13744120385.106316,45583832353.63796
p11,ARCH-p_36-q_36-o_12-lags_48-power_1-dist_ged-mean_AR-vol_EGARCH,41.71662735939026,2.3967655719049463,0.9533065531711892
p11,ARCH-p_36-q_36-o_12-lags_48-power_1-dist_ged-mean_HAR-vol_EGARCH,42.57933950424194,2.985595401796964,2.77812354123273
p11,ARCH-p_36-q_36-o_24-lags_24-power_1-dist_ged-mean_AR-vol_EGARCH,37.65711164474487,8.696726626352715e+45,2.8843779123719004e+46
p11,ARCH-p_36-q_36-o_24-lags_24-power_1-dist_ged-mean_HAR-vol_EGARCH,37.435173988342285,inf,
p11,ARCH-p_36-q_36-o_24-lags_36-power_1-dist_ged-mean_AR-vol_EGARCH,46.49673461914063,6.023068691048684e+43,1.3528315279384888e+44
p11,ARCH-p_36-q_36-o_24-lags_36-power_1-dist_ged-mean_HAR-vol_EGARCH,45.71806049346924,2.09146486080228e+25,6.936604205494048e+25
p11,ARCH-p_36-q_36-o_24-lags_48-power_1-dist_ged-mean_AR-vol_EGARCH,53.93503165245056,2.479734817127566,1.0937592455359442
p11,ARCH-p_36-q_36-o_24-lags_48-power_1-dist_ged-mean_HAR-vol_EGARCH,53.9264874458313,1832.3038570008407,6069.946665306487
p12,ARCH-p_15-q_12-o_12-lags_24-power_1-dist_ged-mean_AR-vol_EGARCH,14.265439748764038,2.356904768268762,1.6801550083971435
p12,ARCH-p_15-q_12-o_12-lags_24-power_1-dist_ged-mean_HAR-vol_EGARCH,11.110060691833496,2.2799225093879136,1.711476494693964
p12,ARCH-p_15-q_12-o_12-lags_36-power_1-dist_ged-mean_AR-vol_EGARCH,17.436272144317627,2.445311622144608,1.671837073263608
p12,ARCH-p_15-q_12-o_12-lags_36-power_1-dist_ged-mean_HAR-vol_EGARCH,16.981480360031128,2.257456623470834,1.701847117606896
p12,ARCH-p_15-q_12-o_12-lags_48-power_1-dist_ged-mean_AR-vol_EGARCH,22.043246746063232,2.2727389983982627,1.6656078075125502
p12,ARCH-p_15-q_12-o_12-lags_48-power_1-dist_ged-mean_HAR-vol_EGARCH,21.414822101593018,2.3293378530747373,1.6667303148345582
p12,ARCH-p_15-q_12-o_24-lags_24-power_1-dist_ged-mean_AR-vol_EGARCH,18.07505989074707,2.5207700890725824,1.7478970659347874
p12,ARCH-p_15-q_12-o_24-lags_24-power_1-dist_ged-mean_HAR-vol_EGARCH,17.964592218399048,2.265591433682089,1.723014014843215
p12,ARCH-p_15-q_12-o_24-lags_36-power_1-dist_ged-mean_AR-vol_EGARCH,22.989155292510983,2.2411181514218086,1.6931244390811444
p12,ARCH-p_15-q_12-o_24-lags_36-power_1-dist_ged-mean_HAR-vol_EGARCH,21.028425455093384,2.2920661162610574,1.67464279622325
p12,ARCH-p_15-q_12-o_24-lags_48-power_1-dist_ged-mean_AR-vol_EGARCH,30.75361919403076,2.271361442049117,1.650585800660461
p12,ARCH-p_15-q_12-o_24-lags_48-power_1-dist_ged-mean_HAR-vol_EGARCH,26.22156023979187,2.264967296793856,1.6908649515563374
p12,ARCH-p_15-q_24-o_12-lags_24-power_1-dist_ged-mean_AR-vol_EGARCH,17.536675214767456,2.2740767416416854,1.6653089000110797
p12,ARCH-p_15-q_24-o_12-lags_24-power_1-dist_ged-mean_HAR-vol_EGARCH,18.401819944381717,2.27427825117574,1.6675324904818976
p12,ARCH-p_15-q_24-o_12-lags_36-power_1-dist_ged-mean_AR-vol_EGARCH,21.496432065963745,2.258169359423592,1.650774635601193
p12,ARCH-p_15-q_24-o_12-lags_36-power_1-dist_ged-mean_HAR-vol_EGARCH,24.17783236503601,2.249649885566962,1.6483565333786268
p12,ARCH-p_15-q_24-o_12-lags_48-power_1-dist_ged-mean_AR-vol_EGARCH,31.359816551208496,2.2880077885827883,1.6341817870017692
p12,ARCH-p_15-q_24-o_12-lags_48-power_1-dist_ged-mean_HAR-vol_EGARCH,31.70032358169556,2.264880200021946,1.6666480896459768
p12,ARCH-p_15-q_24-o_24-lags_24-power_1-dist_ged-mean_AR-vol_EGARCH,23.69853663444519,2.241877192729504,1.7237158072584198
p12,ARCH-p_15-q_24-o_24-lags_24-power_1-dist_ged-mean_HAR-vol_EGARCH,23.88408923149109,2.2630210245937814,1.738313647764564
p12,ARCH-p_15-q_24-o_24-lags_36-power_1-dist_ged-mean_AR-vol_EGARCH,26.10270071029663,2.2299376538784648,1.6550663533395944
p12,ARCH-p_15-q_24-o_24-lags_36-power_1-dist_ged-mean_HAR-vol_EGARCH,29.963096380233765,2.321496142859065,1.6514198995827898
p12,ARCH-p_15-q_24-o_24-lags_48-power_1-dist_ged-mean_AR-vol_EGARCH,35.60349130630493,2.271941376289508,1.6376749790378138
p12,ARCH-p_15-q_24-o_24-lags_48-power_1-dist_ged-mean_HAR-vol_EGARCH,30.258888483047485,2.2619292330697545,1.6862863896915312
p12,ARCH-p_15-q_36-o_12-lags_24-power_1-dist_ged-mean_AR-vol_EGARCH,22.089794635772705,2.278268573715409,1.6666939988370004
p12,ARCH-p_15-q_36-o_12-lags_24-power_1-dist_ged-mean_HAR-vol_EGARCH,19.282161712646484,2.302953498893425,1.661655122688653
p12,ARCH-p_15-q_36-o_12-lags_36-power_1-dist_ged-mean_AR-vol_EGARCH,30.66056513786316,2.248860358403813,1.6644420973172518
p12,ARCH-p_15-q_36-o_12-lags_36-power_1-dist_ged-mean_HAR-vol_EGARCH,28.801315784454346,2.237184170847865,1.6661961423726015
p12,ARCH-p_15-q_36-o_12-lags_48-power_1-dist_ged-mean_AR-vol_EGARCH,32.85354495048523,2.299286027786876,1.6532432661771306
p12,ARCH-p_15-q_36-o_12-lags_48-power_1-dist_ged-mean_HAR-vol_EGARCH,36.18627095222473,2.262740231943042,1.6735102808098077
p12,ARCH-p_15-q_36-o_24-lags_24-power_1-dist_ged-mean_AR-vol_EGARCH,29.062572717666622,2.249585896778712,1.728267756494423
p12,ARCH-p_15-q_36-o_24-lags_24-power_1-dist_ged-mean_HAR-vol_EGARCH,28.302834272384644,2.2501586083716245,1.728098588613851
p12,ARCH-p_15-q_36-o_24-lags_36-power_1-dist_ged-mean_AR-vol_EGARCH,31.60520339012146,2.238798470138404,1.6494629556902949
p12,ARCH-p_15-q_36-o_24-lags_36-power_1-dist_ged-mean_HAR-vol_EGARCH,38.40753555297852,2.243162094178317,1.701244662074209
p12,ARCH-p_15-q_36-o_24-lags_48-power_1-dist_ged-mean_AR-vol_EGARCH,45.89282178878784,2.261613748653483,1.6917669713588346
p12,ARCH-p_15-q_36-o_24-lags_48-power_1-dist_ged-mean_HAR-vol_EGARCH,38.78491687774658,2.3726330664354096,1.654080655004843
p12,ARCH-p_36-q_12-o_12-lags_24-power_1-dist_ged-mean_AR-vol_EGARCH,22.027511835098267,2.2727149050176365,1.716920995821143
p12,ARCH-p_36-q_12-o_12-lags_24-power_1-dist_ged-mean_HAR-vol_EGARCH,20.138325452804565,2.3007897401707926,1.7542494302639997
p12,ARCH-p_36-q_12-o_12-lags_36-power_1-dist_ged-mean_AR-vol_EGARCH,24.246124029159542,2.2605098709935763,1.6977052215956707
p12,ARCH-p_36-q_12-o_12-lags_36-power_1-dist_ged-mean_HAR-vol_EGARCH,24.716266870498657,2.262111598151769,1.742738809629334
p12,ARCH-p_36-q_12-o_12-lags_48-power_1-dist_ged-mean_AR-vol_EGARCH,34.00807809829712,2.245101445490888,1.706489638483966
p12,ARCH-p_36-q_12-o_12-lags_48-power_1-dist_ged-mean_HAR-vol_EGARCH,30.787976264953613,2.335099498943813,1.7580021368041052
p12,ARCH-p_36-q_12-o_24-lags_24-power_1-dist_ged-mean_AR-vol_EGARCH,26.96426749229431,2.244923046243723,1.7234721729688791
p12,ARCH-p_36-q_12-o_24-lags_24-power_1-dist_ged-mean_HAR-vol_EGARCH,25.298295259475708,2.24434681810629,1.7186021747168474
p12,ARCH-p_36-q_12-o_24-lags_36-power_1-dist_ged-mean_AR-vol_EGARCH,30.51897072792053,2.2421200060584385,1.6905612728946322
p12,ARCH-p_36-q_12-o_24-lags_36-power_1-dist_ged-mean_HAR-vol_EGARCH,36.03494215011597,2.2508526382711183,1.731859972659758
p12,ARCH-p_36-q_12-o_24-lags_48-power_1-dist_ged-mean_AR-vol_EGARCH,36.16770601272583,2.243025991138998,1.6797217780453668
p12,ARCH-p_36-q_12-o_24-lags_48-power_1-dist_ged-mean_HAR-vol_EGARCH,36.17161774635315,2.261250413549648,1.6842493811143768
p12,ARCH-p_36-q_24-o_12-lags_24-power_1-dist_ged-mean_AR-vol_EGARCH,25.889312028884888,2.28994357052653,1.7644775041903653
p12,ARCH-p_36-q_24-o_12-lags_24-power_1-dist_ged-mean_HAR-vol_EGARCH,28.488033056259155,2.356882464128561,1.7333768308323965
p12,ARCH-p_36-q_24-o_12-lags_36-power_1-dist_ged-mean_AR-vol_EGARCH,31.33983874320984,2.2820275014786264,1.6841568043981776
p12,ARCH-p_36-q_24-o_12-lags_36-power_1-dist_ged-mean_HAR-vol_EGARCH,34.7757785320282,2.288119219747813,1.7387432809374053
p12,ARCH-p_36-q_24-o_12-lags_48-power_1-dist_ged-mean_AR-vol_EGARCH,42.32205986976624,2.288604814927119,1.7002412076924
p12,ARCH-p_36-q_24-o_12-lags_48-power_1-dist_ged-mean_HAR-vol_EGARCH,36.99623322486877,2.3462855701961733,1.7584701948123218
p12,ARCH-p_36-q_24-o_24-lags_24-power_1-dist_ged-mean_AR-vol_EGARCH,33.07048201560974,2.244805297861231,1.7109530078528326
p12,ARCH-p_36-q_24-o_24-lags_24-power_1-dist_ged-mean_HAR-vol_EGARCH,32.50623917579651,2.2629256922662817,1.7457943302506411
p12,ARCH-p_36-q_24-o_24-lags_36-power_1-dist_ged-mean_AR-vol_EGARCH,38.257235527038574,2.2820285483707736,1.674405959461999
p12,ARCH-p_36-q_24-o_24-lags_36-power_1-dist_ged-mean_HAR-vol_EGARCH,36.799707889556885,2.238145875692904,1.7303405693933385
p12,ARCH-p_36-q_24-o_24-lags_48-power_1-dist_ged-mean_AR-vol_EGARCH,42.92349791526794,2.282914221583232,1.6861039377316018
p12,ARCH-p_36-q_24-o_24-lags_48-power_1-dist_ged-mean_HAR-vol_EGARCH,44.435964822769165,2.257747367257523,1.7184034875400214
p12,ARCH-p_36-q_36-o_12-lags_24-power_1-dist_ged-mean_AR-vol_EGARCH,31.925347328186035,2.2876543204052835,1.7570551847364515
p12,ARCH-p_36-q_36-o_12-lags_24-power_1-dist_ged-mean_HAR-vol_EGARCH,32.58238482475281,2.29762740890412,1.763948889497941
p12,ARCH-p_36-q_36-o_12-lags_36-power_1-dist_ged-mean_AR-vol_EGARCH,38.42625331878662,2.288860715947504,1.6773387876610473
p12,ARCH-p_36-q_36-o_12-lags_36-power_1-dist_ged-mean_HAR-vol_EGARCH,37.24778175354004,2.2837658589045637,1.7408968716239963
p12,ARCH-p_36-q_36-o_12-lags_48-power_1-dist_ged-mean_AR-vol_EGARCH,40.46952819824219,2.2422925038594363,1.6965410629706357
p12,ARCH-p_36-q_36-o_12-lags_48-power_1-dist_ged-mean_HAR-vol_EGARCH,44.92038154602051,2.3579278633842997,1.771055327042545
p12,ARCH-p_36-q_36-o_24-lags_24-power_1-dist_ged-mean_AR-vol_EGARCH,39.42511200904846,2.259430791026713,1.7249064905948224
p12,ARCH-p_36-q_36-o_24-lags_24-power_1-dist_ged-mean_HAR-vol_EGARCH,38.032470703125,2.289707380187736,1.7569014164672905
p12,ARCH-p_36-q_36-o_24-lags_36-power_1-dist_ged-mean_AR-vol_EGARCH,43.04273104667664,2.266568143654737,1.6944271027647355
p12,ARCH-p_36-q_36-o_24-lags_36-power_1-dist_ged-mean_HAR-vol_EGARCH,45.08163666725159,2.239521349049475,1.7039407659792307
p12,ARCH-p_36-q_36-o_24-lags_48-power_1-dist_ged-mean_AR-vol_EGARCH,48.76057291030884,2.264461346928252,1.7251208620825338
p12,ARCH-p_36-q_36-o_24-lags_48-power_1-dist_ged-mean_HAR-vol_EGARCH,49.12671661376953,2.2693400579834373,1.756900761825784
